# Blender 4.4.3
# www.blender.org
mtllib Crane.mtl
o Cube.002
v -0.007046 -0.004356 -0.151405
v 0.021317 -0.004356 -0.148611
v 0.048591 -0.004356 -0.140338
v 0.073726 -0.004356 -0.126903
v 0.095757 -0.004356 -0.108823
v 0.113837 -0.004356 -0.086792
v 0.127272 -0.004356 -0.061657
v 0.135545 -0.004356 -0.034384
v 0.138339 -0.004356 -0.006021
v 0.135545 -0.004356 0.022342
v 0.127272 -0.004356 0.049616
v 0.113837 -0.004356 0.074751
v 0.095757 -0.004356 0.096782
v 0.073726 -0.004356 0.114862
v 0.048591 -0.004356 0.128297
v 0.021317 -0.004356 0.136570
v -0.007046 -0.004356 0.139364
v -0.035409 -0.004356 0.136570
v -0.062682 -0.004356 0.128297
v -0.087817 -0.004356 0.114862
v -0.109848 -0.004356 0.096782
v -0.127928 -0.004356 0.074751
v -0.141363 -0.004356 0.049616
v -0.149636 -0.004356 0.022342
v -0.152430 -0.004356 -0.006021
v -0.149636 -0.004356 -0.034384
v -0.141363 -0.004356 -0.061657
v -0.127928 -0.004356 -0.086792
v -0.109848 -0.004356 -0.108823
v -0.087817 -0.004356 -0.126903
v -0.062682 -0.004356 -0.140338
v -0.035409 -0.004356 -0.148611
v -0.007046 0.812185 -0.006021
v 0.008432 0.812185 -0.083831
v -0.007046 0.812185 -0.085356
v 0.023315 0.812185 -0.079317
v 0.037031 0.812185 -0.071985
v 0.049053 0.812185 -0.062119
v 0.058919 0.812185 -0.050097
v 0.066250 0.812185 -0.036381
v 0.070765 0.812185 -0.021498
v 0.072289 0.812185 -0.006021
v 0.070765 0.812185 0.009457
v 0.066250 0.812185 0.024340
v 0.058919 0.812185 0.038056
v 0.049053 0.812185 0.050078
v 0.037031 0.812185 0.059944
v 0.023315 0.812185 0.067275
v 0.008432 0.812185 0.071790
v -0.007046 0.812185 0.073314
v -0.022523 0.812185 0.071790
v -0.037406 0.812185 0.067275
v -0.051122 0.812185 0.059944
v -0.063144 0.812185 0.050078
v -0.073010 0.812185 0.038056
v -0.080341 0.812185 0.024340
v -0.084856 0.812185 0.009457
v -0.086380 0.812185 -0.006021
v -0.084856 0.812185 -0.021498
v -0.080341 0.812185 -0.036381
v -0.073010 0.812185 -0.050097
v -0.063144 0.812185 -0.062119
v -0.051122 0.812185 -0.071985
v -0.037406 0.812185 -0.079317
v -0.022523 0.812185 -0.083831
v 0.004168 0.812185 -0.062393
v -0.007046 0.812185 -0.063498
v 0.014950 0.812185 -0.059123
v 0.024887 0.812185 -0.053811
v 0.033597 0.812185 -0.046663
v 0.040745 0.812185 -0.037953
v 0.046056 0.812185 -0.028016
v 0.049327 0.812185 -0.017234
v 0.050432 0.812185 -0.006021
v 0.049327 0.812185 0.005193
v 0.046056 0.812185 0.015975
v 0.040745 0.812185 0.025912
v 0.033597 0.812185 0.034622
v 0.024887 0.812185 0.041770
v 0.014950 0.812185 0.047081
v 0.004168 0.812185 0.050352
v -0.007046 0.812185 0.051457
v -0.018259 0.812185 0.050352
v -0.029041 0.812185 0.047081
v -0.038978 0.812185 0.041770
v -0.047688 0.812185 0.034622
v -0.054836 0.812185 0.025912
v -0.060147 0.812185 0.015975
v -0.063418 0.812185 0.005193
v -0.064523 0.812185 -0.006021
v -0.063418 0.812185 -0.017234
v -0.060147 0.812185 -0.028016
v -0.054836 0.812185 -0.037953
v -0.047688 0.812185 -0.046663
v -0.038978 0.812185 -0.053811
v -0.029041 0.812185 -0.059123
v -0.018259 0.812185 -0.062393
v -0.087622 0.997307 0.097500
v -0.097500 0.997307 0.087622
v -0.087622 1.002110 0.096009
v -0.092425 0.997307 0.096009
v -0.092168 1.001853 0.094617
v -0.092425 1.005694 0.087622
v -0.087622 1.005694 0.092425
v -0.092168 1.004302 0.092168
v -0.096009 0.997307 0.092425
v -0.096009 1.002110 0.087622
v -0.094617 1.001853 0.092168
v -0.097500 0.997307 -0.087622
v -0.087622 1.005694 -0.092425
v -0.092425 1.005694 -0.087622
v -0.092168 1.004302 -0.092168
v -0.092425 0.997307 -0.096009
v -0.087622 1.002110 -0.096009
v -0.092168 1.001853 -0.094617
v -0.096009 1.002110 -0.087622
v -0.096009 0.997307 -0.092425
v -0.094617 1.001853 -0.092168
v 0.087622 0.997307 0.097500
v 0.097500 0.997307 0.087622
v 0.087622 1.005694 0.092425
v 0.092425 1.005694 0.087622
v 0.092168 1.004302 0.092168
v 0.092425 0.997307 0.096009
v 0.087622 1.002110 0.096009
v 0.092168 1.001853 0.094617
v 0.096009 1.002110 0.087622
v 0.096009 0.997307 0.092425
v 0.094617 1.001853 0.092168
v 0.097500 0.997307 -0.087622
v 0.092425 1.005694 -0.087622
v 0.087622 1.005694 -0.092425
v 0.092168 1.004302 -0.092168
v 0.096009 0.997307 -0.092425
v 0.096009 1.002110 -0.087622
v 0.094617 1.001853 -0.092168
v 0.087622 1.002110 -0.096009
v 0.092425 0.997307 -0.096009
v 0.092168 1.001853 -0.094617
v -0.097500 0.822063 -0.087622
v -0.087622 0.812185 -0.087622
v -0.096009 0.822063 -0.092425
v -0.096009 0.817261 -0.087622
v -0.094617 0.817517 -0.092168
v -0.087622 0.817261 -0.096009
v -0.092425 0.822063 -0.096009
v -0.092168 0.817517 -0.094617
v -0.092425 0.813676 -0.087622
v -0.087622 0.813676 -0.092425
v -0.092168 0.815069 -0.092168
v -0.087622 0.812185 0.087622
v -0.087622 0.822063 0.097500
v -0.097500 0.822063 0.087622
v -0.087622 0.813805 0.092351
v -0.092351 0.813805 0.087622
v -0.091979 0.815131 0.091979
v -0.092351 0.822063 0.095881
v -0.087622 0.817334 0.095881
v -0.091979 0.817706 0.094554
v -0.095881 0.817334 0.087622
v -0.095881 0.822063 0.092351
v -0.094554 0.817706 0.091979
v 0.097500 0.822063 -0.087622
v 0.087622 0.812185 -0.087622
v 0.092425 0.822063 -0.096009
v 0.087622 0.817261 -0.096009
v 0.092168 0.817517 -0.094617
v 0.096009 0.817261 -0.087622
v 0.096009 0.822063 -0.092425
v 0.094617 0.817517 -0.092168
v 0.087622 0.813676 -0.092425
v 0.092425 0.813676 -0.087622
v 0.092168 0.815069 -0.092168
v 0.097500 0.822063 0.087622
v 0.087622 0.822063 0.097500
v 0.087622 0.812185 0.087622
v 0.096009 0.822063 0.092425
v 0.096009 0.817261 0.087622
v 0.094617 0.817517 0.092168
v 0.087622 0.817261 0.096009
v 0.092425 0.822063 0.096009
v 0.092168 0.817517 0.094617
v 0.092425 0.813676 0.087622
v 0.087622 0.813676 0.092425
v 0.092168 0.815069 0.092168
v 0.012888 0.534945 -0.106235
v 0.013204 0.531315 -0.107823
v -0.007046 0.531315 -0.109817
v -0.007046 0.534945 -0.108198
v 0.032056 0.534945 -0.100420
v 0.032676 0.531315 -0.101916
v 0.049721 0.534945 -0.090978
v 0.050621 0.531315 -0.092324
v 0.065205 0.534945 -0.078271
v 0.066350 0.531315 -0.079416
v 0.077912 0.534945 -0.062787
v 0.079258 0.531315 -0.063687
v 0.087354 0.534945 -0.045122
v 0.088850 0.531315 -0.045742
v 0.093169 0.534945 -0.025954
v 0.094757 0.531315 -0.026270
v 0.095132 0.534945 -0.006021
v 0.096751 0.531315 -0.006021
v 0.093169 0.534945 0.013913
v 0.094757 0.531315 0.014229
v 0.087354 0.534945 0.033081
v 0.088850 0.531315 0.033701
v 0.077912 0.534945 0.050746
v 0.079258 0.531315 0.051646
v 0.065205 0.534945 0.066230
v 0.066350 0.531315 0.067375
v 0.049721 0.534945 0.078937
v 0.050621 0.531315 0.080283
v 0.032056 0.534945 0.088379
v 0.032676 0.531315 0.089875
v 0.012888 0.534945 0.094194
v 0.013204 0.531315 0.095782
v -0.007046 0.534945 0.096157
v -0.007046 0.531315 0.097776
v -0.026979 0.534945 0.094194
v -0.027295 0.531315 0.095782
v -0.046147 0.534945 0.088379
v -0.046767 0.531315 0.089875
v -0.063812 0.534945 0.078937
v -0.064712 0.531315 0.080283
v -0.079296 0.534945 0.066230
v -0.080441 0.531315 0.067375
v -0.092003 0.534945 0.050746
v -0.093349 0.531315 0.051646
v -0.101445 0.534945 0.033081
v -0.102941 0.531315 0.033701
v -0.107260 0.534945 0.013913
v -0.108848 0.531315 0.014229
v -0.109223 0.534945 -0.006021
v -0.110842 0.531315 -0.006021
v -0.107260 0.534945 -0.025954
v -0.108848 0.531315 -0.026270
v -0.101445 0.534945 -0.045122
v -0.102941 0.531315 -0.045742
v -0.092003 0.534945 -0.062787
v -0.093349 0.531315 -0.063687
v -0.079296 0.534945 -0.078271
v -0.080441 0.531315 -0.079416
v -0.063812 0.534945 -0.090978
v -0.064712 0.531315 -0.092324
v -0.046147 0.534945 -0.100420
v -0.046767 0.531315 -0.101916
v -0.026979 0.534945 -0.106235
v -0.027295 0.531315 -0.107823
v 0.021000 0.288865 -0.147015
v 0.021317 0.283473 -0.148611
v -0.007046 0.283473 -0.151405
v -0.007046 0.288865 -0.149778
v 0.047968 0.288865 -0.138835
v 0.048591 0.283473 -0.140338
v 0.072822 0.288865 -0.125550
v 0.073726 0.283473 -0.126903
v 0.094606 0.288865 -0.107672
v 0.095757 0.283473 -0.108823
v 0.112484 0.288865 -0.085888
v 0.113837 0.283473 -0.086792
v 0.125769 0.288865 -0.061034
v 0.127272 0.283473 -0.061657
v 0.133949 0.288865 -0.034066
v 0.135545 0.283473 -0.034384
v 0.136712 0.288865 -0.006021
v 0.138339 0.283473 -0.006021
v 0.133949 0.288865 0.022025
v 0.135545 0.283473 0.022342
v 0.125769 0.288865 0.048993
v 0.127272 0.283473 0.049616
v 0.112484 0.288865 0.073847
v 0.113837 0.283473 0.074751
v 0.094606 0.288865 0.095631
v 0.095757 0.283473 0.096782
v 0.072822 0.288865 0.113509
v 0.073726 0.283473 0.114862
v 0.047968 0.288865 0.126794
v 0.048591 0.283473 0.128297
v 0.021000 0.288865 0.134974
v 0.021317 0.283473 0.136570
v -0.007046 0.288865 0.137737
v -0.007046 0.283473 0.139364
v -0.035091 0.288865 0.134974
v -0.035409 0.283473 0.136570
v -0.062059 0.288865 0.126794
v -0.062682 0.283473 0.128297
v -0.086913 0.288865 0.113509
v -0.087817 0.283473 0.114862
v -0.108697 0.288865 0.095631
v -0.109848 0.283473 0.096782
v -0.126575 0.288865 0.073847
v -0.127928 0.283473 0.074751
v -0.139860 0.288865 0.048993
v -0.141363 0.283473 0.049616
v -0.148040 0.288865 0.022025
v -0.149636 0.283473 0.022342
v -0.150803 0.288865 -0.006021
v -0.152430 0.283473 -0.006021
v -0.148040 0.288865 -0.034066
v -0.149636 0.283473 -0.034384
v -0.139860 0.288865 -0.061034
v -0.141363 0.283473 -0.061657
v -0.126575 0.288865 -0.085888
v -0.127928 0.283473 -0.086792
v -0.108697 0.288865 -0.107672
v -0.109848 0.283473 -0.108823
v -0.086913 0.288865 -0.125550
v -0.087817 0.283473 -0.126903
v -0.062059 0.288865 -0.138835
v -0.062682 0.283473 -0.140338
v -0.035091 0.288865 -0.147015
v -0.035409 0.283473 -0.148611
v -0.007046 0.345724 -0.112057
v -0.007046 0.353146 -0.109817
v 0.013204 0.353146 -0.107823
v 0.013641 0.345724 -0.110020
v 0.032676 0.353146 -0.101916
v 0.033533 0.345724 -0.103986
v 0.050621 0.353146 -0.092324
v 0.051865 0.345724 -0.094187
v 0.066350 0.353146 -0.079416
v 0.067934 0.345724 -0.081000
v 0.079258 0.353146 -0.063687
v 0.081121 0.345724 -0.064931
v 0.088850 0.353146 -0.045742
v 0.090919 0.345724 -0.046599
v 0.094757 0.353146 -0.026270
v 0.096954 0.345724 -0.026707
v 0.096751 0.353146 -0.006021
v 0.098991 0.345724 -0.006021
v 0.094757 0.353146 0.014229
v 0.096954 0.345724 0.014666
v 0.088850 0.353146 0.033701
v 0.090919 0.345724 0.034558
v 0.079258 0.353146 0.051646
v 0.081121 0.345724 0.052890
v 0.066350 0.353146 0.067375
v 0.067934 0.345724 0.068959
v 0.050621 0.353146 0.080283
v 0.051865 0.345724 0.082146
v 0.032676 0.353146 0.089875
v 0.033533 0.345724 0.091944
v 0.013204 0.353146 0.095782
v 0.013641 0.345724 0.097978
v -0.007046 0.353146 0.097776
v -0.007046 0.345724 0.100016
v -0.027295 0.353146 0.095782
v -0.027732 0.345724 0.097978
v -0.046767 0.353146 0.089875
v -0.047624 0.345724 0.091944
v -0.064712 0.353146 0.080283
v -0.065956 0.345724 0.082146
v -0.080441 0.353146 0.067375
v -0.082025 0.345724 0.068959
v -0.093349 0.353146 0.051646
v -0.095212 0.345724 0.052890
v -0.102941 0.353146 0.033701
v -0.105011 0.345724 0.034558
v -0.108848 0.353146 0.014229
v -0.111045 0.345724 0.014666
v -0.110842 0.353146 -0.006021
v -0.113082 0.345724 -0.006021
v -0.108848 0.353146 -0.026270
v -0.111045 0.345724 -0.026707
v -0.102941 0.353146 -0.045742
v -0.105011 0.345724 -0.046599
v -0.093349 0.353146 -0.063687
v -0.095212 0.345724 -0.064931
v -0.080441 0.353146 -0.079416
v -0.082025 0.345724 -0.081000
v -0.064712 0.353146 -0.092324
v -0.065956 0.345724 -0.094187
v -0.046767 0.353146 -0.101916
v -0.047624 0.345724 -0.103986
v -0.027295 0.353146 -0.107823
v -0.027732 0.345724 -0.110020
v 0.004168 0.581344 -0.062393
v 0.005064 0.571047 -0.066898
v -0.007046 0.571047 -0.068090
v -0.007046 0.581344 -0.063498
v 0.014950 0.581344 -0.059123
v 0.016708 0.571047 -0.063366
v 0.024887 0.581344 -0.053811
v 0.027439 0.571047 -0.057630
v 0.033597 0.581344 -0.046663
v 0.036844 0.571047 -0.049911
v 0.040745 0.581344 -0.037953
v 0.044564 0.571047 -0.040505
v 0.046056 0.581344 -0.028016
v 0.050299 0.571047 -0.029774
v 0.049327 0.581344 -0.017234
v 0.053832 0.571047 -0.018130
v 0.050432 0.581344 -0.006021
v 0.055024 0.571047 -0.006021
v 0.049327 0.581344 0.005193
v 0.053832 0.571047 0.006089
v 0.046056 0.581344 0.015975
v 0.050299 0.571047 0.017732
v 0.040745 0.581344 0.025912
v 0.044564 0.571047 0.028464
v 0.033597 0.581344 0.034622
v 0.036844 0.571047 0.037869
v 0.024887 0.581344 0.041770
v 0.027439 0.571047 0.045589
v 0.014950 0.581344 0.047081
v 0.016708 0.571047 0.051324
v 0.004168 0.581344 0.050352
v 0.005064 0.571047 0.054857
v -0.007046 0.581344 0.051457
v -0.007046 0.571047 0.056049
v -0.018259 0.581344 0.050352
v -0.019155 0.571047 0.054857
v -0.029041 0.581344 0.047081
v -0.030799 0.571047 0.051324
v -0.038978 0.581344 0.041770
v -0.041530 0.571047 0.045589
v -0.047688 0.581344 0.034622
v -0.050936 0.571047 0.037869
v -0.054836 0.581344 0.025912
v -0.058655 0.571047 0.028464
v -0.060148 0.581344 0.015975
v -0.064391 0.571047 0.017732
v -0.063418 0.581344 0.005193
v -0.067923 0.571047 0.006089
v -0.064523 0.581344 -0.006021
v -0.069115 0.571047 -0.006021
v -0.063418 0.581344 -0.017234
v -0.067923 0.571047 -0.018130
v -0.060148 0.581344 -0.028016
v -0.064391 0.571047 -0.029774
v -0.054836 0.581344 -0.037953
v -0.058655 0.571047 -0.040505
v -0.047688 0.581344 -0.046663
v -0.050936 0.571047 -0.049911
v -0.038978 0.581344 -0.053811
v -0.041530 0.571047 -0.057630
v -0.029041 0.581344 -0.059123
v -0.030799 0.571047 -0.063366
v -0.018259 0.581344 -0.062393
v -0.019155 0.571047 -0.066898
v 0.005060 0.754992 -0.066881
v 0.004168 0.750439 -0.062393
v -0.007046 0.750439 -0.063498
v -0.007046 0.754992 -0.068073
v 0.016701 0.754992 -0.063350
v 0.014950 0.750439 -0.059123
v 0.027429 0.754992 -0.057616
v 0.024887 0.750439 -0.053811
v 0.036832 0.754992 -0.049899
v 0.033597 0.750439 -0.046663
v 0.044549 0.754992 -0.040495
v 0.040745 0.750439 -0.037953
v 0.050284 0.754992 -0.029767
v 0.046056 0.750439 -0.028016
v 0.053815 0.754992 -0.018126
v 0.049327 0.750439 -0.017234
v 0.055007 0.754992 -0.006021
v 0.050432 0.750439 -0.006021
v 0.053815 0.754992 0.006085
v 0.049327 0.750439 0.005193
v 0.050284 0.754992 0.017726
v 0.046056 0.750439 0.015975
v 0.044549 0.754992 0.028454
v 0.040745 0.750439 0.025912
v 0.036832 0.754992 0.037857
v 0.033597 0.750439 0.034622
v 0.027429 0.754992 0.045574
v 0.024887 0.750439 0.041770
v 0.016701 0.754992 0.051309
v 0.014950 0.750439 0.047081
v 0.005060 0.754992 0.054840
v 0.004168 0.750439 0.050352
v -0.007046 0.754992 0.056032
v -0.007046 0.750439 0.051457
v -0.019151 0.754992 0.054840
v -0.018259 0.750439 0.050352
v -0.030792 0.754992 0.051309
v -0.029041 0.750439 0.047081
v -0.041520 0.754992 0.045574
v -0.038978 0.750439 0.041770
v -0.050924 0.754992 0.037857
v -0.047688 0.750439 0.034622
v -0.058641 0.754992 0.028454
v -0.054836 0.750439 0.025912
v -0.064375 0.754992 0.017726
v -0.060148 0.750439 0.015975
v -0.067906 0.754992 0.006085
v -0.063418 0.750439 0.005193
v -0.069098 0.754992 -0.006021
v -0.064523 0.750439 -0.006021
v -0.067906 0.754992 -0.018126
v -0.063418 0.750439 -0.017234
v -0.064375 0.754992 -0.029767
v -0.060148 0.750439 -0.028016
v -0.058641 0.754992 -0.040495
v -0.054836 0.750439 -0.037953
v -0.050924 0.754992 -0.049899
v -0.047688 0.750439 -0.046663
v -0.041520 0.754992 -0.057616
v -0.038978 0.750439 -0.053811
v -0.030792 0.754992 -0.063350
v -0.029041 0.750439 -0.059123
v -0.019151 0.754992 -0.066881
v -0.018259 0.750439 -0.062393
v 0.008432 0.756012 -0.083831
v 0.008232 0.754992 -0.082826
v -0.007046 0.754992 -0.084331
v -0.007046 0.756012 -0.085356
v 0.023315 0.756012 -0.079317
v 0.022923 0.754992 -0.078370
v 0.037031 0.756012 -0.071985
v 0.036461 0.754992 -0.071133
v 0.049053 0.756012 -0.062119
v 0.048328 0.754992 -0.061395
v 0.058919 0.756012 -0.050097
v 0.058067 0.754992 -0.049528
v 0.066250 0.756012 -0.036381
v 0.065304 0.754992 -0.035989
v 0.070765 0.756012 -0.021498
v 0.069760 0.754992 -0.021298
v 0.072289 0.756012 -0.006021
v 0.071265 0.754992 -0.006021
v 0.070765 0.756012 0.009457
v 0.069760 0.754992 0.009257
v 0.066250 0.756012 0.024340
v 0.065304 0.754992 0.023948
v 0.058919 0.756012 0.038056
v 0.058067 0.754992 0.037486
v 0.049053 0.756012 0.050078
v 0.048328 0.754992 0.049353
v 0.037031 0.756012 0.059944
v 0.036461 0.754992 0.059092
v 0.023315 0.756012 0.067275
v 0.022923 0.754992 0.066329
v 0.008432 0.756012 0.071790
v 0.008232 0.754992 0.070785
v -0.007046 0.756012 0.073314
v -0.007046 0.754992 0.072290
v -0.022523 0.756012 0.071790
v -0.022323 0.754992 0.070785
v -0.037406 0.756012 0.067275
v -0.037014 0.754992 0.066329
v -0.051122 0.756012 0.059944
v -0.050553 0.754992 0.059092
v -0.063144 0.756012 0.050078
v -0.062419 0.754992 0.049353
v -0.073010 0.756012 0.038056
v -0.072158 0.754992 0.037486
v -0.080341 0.756012 0.024340
v -0.079395 0.754992 0.023948
v -0.084856 0.756012 0.009457
v -0.083851 0.754992 0.009257
v -0.086381 0.756012 -0.006021
v -0.085356 0.754992 -0.006021
v -0.084856 0.756012 -0.021498
v -0.083851 0.754992 -0.021298
v -0.080341 0.756012 -0.036381
v -0.079395 0.754992 -0.035989
v -0.073010 0.756012 -0.050097
v -0.072158 0.754992 -0.049528
v -0.063144 0.756012 -0.062119
v -0.062419 0.754992 -0.061395
v -0.051122 0.756012 -0.071985
v -0.050553 0.754992 -0.071133
v -0.037406 0.756012 -0.079317
v -0.037014 0.754992 -0.078370
v -0.022523 0.756012 -0.083831
v -0.022323 0.754992 -0.082826
v -0.087622 1.007186 0.087622
v -0.087622 1.007186 -0.087622
v 0.087622 1.007186 -0.087622
v 0.087622 1.007186 0.087622
v -0.069762 1.007186 0.069762
v -0.069762 1.007186 -0.069762
v 0.069762 1.007186 -0.069762
v 0.069762 1.007186 0.069762
v -0.006865 1.007186 0.035138
v -0.035138 1.007186 0.006865
v -0.055131 1.007186 0.055131
v -0.017437 1.007186 0.032590
v -0.026331 1.007186 0.026331
v -0.032590 1.007186 0.017437
v -0.035138 1.007186 -0.006865
v -0.006865 1.007186 -0.035138
v -0.055131 1.007186 -0.055131
v -0.032590 1.007186 -0.017437
v -0.026331 1.007186 -0.026331
v -0.017437 1.007186 -0.032590
v 0.035138 1.007186 0.006865
v 0.006865 1.007186 0.035138
v 0.055131 1.007186 0.055131
v 0.032590 1.007186 0.017437
v 0.026331 1.007186 0.026331
v 0.017437 1.007186 0.032590
v 0.006865 1.007186 -0.035138
v 0.035138 1.007186 -0.006865
v 0.055131 1.007186 -0.055131
v 0.017437 1.007186 -0.032590
v 0.026331 1.007186 -0.026331
v 0.032590 1.007186 -0.017437
v -0.000000 1.130115 0.000000
v -0.035138 1.130115 0.006865
v -0.032590 1.130115 0.017437
v -0.026331 1.130115 0.026331
v -0.017437 1.130115 0.032590
v -0.006865 1.130115 0.035138
v -0.006865 1.130115 -0.035138
v -0.017437 1.130115 -0.032590
v -0.026331 1.130115 -0.026331
v -0.032590 1.130115 -0.017437
v -0.035138 1.130115 -0.006865
v 0.035138 1.130115 -0.006865
v 0.032590 1.130115 -0.017437
v 0.026331 1.130115 -0.026331
v 0.017437 1.130115 -0.032590
v 0.006865 1.130115 -0.035138
v 0.006865 1.130115 0.035138
v 0.017437 1.130115 0.032590
v 0.026331 1.130115 0.026331
v 0.032590 1.130115 0.017437
v 0.035138 1.130115 0.006865
v 0.023525 0.505555 -0.443390
v 0.023525 0.505555 -0.490439
v -0.023525 0.505555 -0.490439
v -0.023525 0.505555 -0.443390
v 0.033269 0.505555 -0.466914
v -0.000000 0.505555 -0.500183
v -0.033269 0.505555 -0.466914
v -0.000000 0.505555 -0.433645
v 0.030736 0.505555 -0.479646
v 0.012731 0.505555 -0.497651
v -0.030736 0.505555 -0.454183
v 0.012731 0.505555 -0.436178
v 0.030736 0.505555 -0.454183
v -0.012731 0.505555 -0.497651
v -0.030736 0.505555 -0.479646
v -0.012731 0.505555 -0.436178
v 0.027662 0.505555 -0.485398
v 0.018483 0.505555 -0.494576
v -0.027662 0.505555 -0.448431
v 0.018483 0.505555 -0.439252
v 0.032630 0.505555 -0.460424
v -0.006490 0.505555 -0.499544
v -0.032630 0.505555 -0.473405
v -0.006490 0.505555 -0.434285
v 0.032630 0.505555 -0.473405
v 0.006490 0.505555 -0.499544
v -0.032630 0.505555 -0.460424
v 0.006490 0.505555 -0.434285
v 0.027662 0.505555 -0.448431
v -0.018483 0.505555 -0.494576
v -0.027662 0.505555 -0.485398
v -0.018483 0.505555 -0.439252
v 0.023525 0.672237 -0.443390
v 0.025339 0.675159 -0.440482
v 0.023760 0.673707 -0.443013
v 0.024426 0.674780 -0.441945
v 0.023525 0.672237 -0.490439
v 0.025339 0.675159 -0.493346
v 0.023760 0.673707 -0.490816
v 0.024426 0.674780 -0.491884
v -0.023525 0.672237 -0.490439
v -0.025339 0.675159 -0.493346
v -0.023760 0.673707 -0.490816
v -0.024426 0.674780 -0.491884
v -0.023525 0.672237 -0.443390
v -0.025307 0.675159 -0.440533
v -0.023756 0.673707 -0.443019
v -0.024410 0.674780 -0.441970
v 0.033269 0.672237 -0.466914
v 0.033481 0.673707 -0.466914
v 0.034082 0.674780 -0.466914
v -0.000000 0.675159 -0.502657
v -0.000000 0.672237 -0.500183
v -0.000000 0.674780 -0.501413
v -0.000000 0.673707 -0.500504
v -0.033269 0.672237 -0.466914
v -0.034895 0.675159 -0.467006
v -0.033480 0.673707 -0.466926
v -0.000000 0.672237 -0.433645
v -0.002345 0.675159 -0.430941
v -0.000304 0.673707 -0.433295
v -0.001166 0.674780 -0.432301
v 0.030736 0.672237 -0.479646
v 0.031983 0.675159 -0.483667
v 0.030898 0.673707 -0.480167
v 0.031356 0.674780 -0.481644
v 0.015466 0.675159 -0.499924
v 0.012731 0.672237 -0.497651
v 0.014090 0.674780 -0.498781
v 0.013086 0.673707 -0.497946
v -0.030736 0.672237 -0.454183
v -0.031967 0.675159 -0.450215
v -0.030896 0.673707 -0.453668
v -0.031348 0.674780 -0.452211
v 0.012731 0.672237 -0.436178
v 0.015466 0.675159 -0.433905
v 0.013086 0.673707 -0.435883
v 0.014090 0.674780 -0.435048
v 0.030736 0.672237 -0.454183
v 0.031983 0.675159 -0.450162
v 0.030898 0.673707 -0.453661
v 0.031356 0.674780 -0.452184
v -0.015466 0.675159 -0.499924
v -0.012731 0.672237 -0.497651
v -0.014090 0.674780 -0.498781
v -0.013086 0.673707 -0.497946
v -0.030736 0.672237 -0.479646
v -0.031983 0.675159 -0.483667
v -0.030898 0.673707 -0.480167
v -0.031356 0.674780 -0.481644
v -0.012731 0.672237 -0.436178
v -0.015394 0.675159 -0.433965
v -0.013077 0.673707 -0.435891
v -0.014055 0.674780 -0.435078
v 0.029145 0.675159 -0.488801
v 0.027662 0.672237 -0.485398
v 0.028399 0.674780 -0.487089
v 0.027854 0.673707 -0.485839
v 0.018483 0.672237 -0.494576
v 0.020717 0.675159 -0.497108
v 0.018773 0.673707 -0.494905
v 0.019593 0.674780 -0.495834
v -0.029122 0.675159 -0.445079
v -0.027662 0.672237 -0.448431
v -0.028388 0.674780 -0.446765
v -0.027851 0.673707 -0.447996
v 0.020717 0.675159 -0.436721
v 0.018483 0.672237 -0.439252
v 0.019593 0.674780 -0.437994
v 0.018773 0.673707 -0.438924
v 0.033745 0.675159 -0.455669
v 0.032630 0.672237 -0.460424
v 0.033184 0.674780 -0.458061
v 0.032774 0.673707 -0.459807
v -0.006490 0.672237 -0.499544
v -0.009792 0.675159 -0.501674
v -0.006919 0.673707 -0.499820
v -0.008131 0.674780 -0.500602
v -0.033745 0.675159 -0.478159
v -0.032630 0.672237 -0.473405
v -0.033184 0.674780 -0.475768
v -0.032774 0.673707 -0.474021
v -0.006913 0.675159 -0.431391
v -0.006490 0.672237 -0.434285
v -0.006700 0.674780 -0.432846
v -0.006545 0.673707 -0.433909
v 0.033745 0.675159 -0.478159
v 0.032630 0.672237 -0.473405
v 0.033184 0.674780 -0.475768
v 0.032774 0.673707 -0.474021
v 0.006490 0.672237 -0.499544
v 0.009792 0.675159 -0.501674
v 0.006919 0.673707 -0.499820
v 0.008131 0.674780 -0.500602
v -0.033731 0.675159 -0.455726
v -0.032630 0.672237 -0.460424
v -0.033177 0.674780 -0.458089
v -0.032773 0.673707 -0.459815
v 0.009792 0.675159 -0.432155
v 0.006490 0.672237 -0.434285
v 0.008131 0.674780 -0.433226
v 0.006919 0.673707 -0.434008
v 0.029145 0.675159 -0.445028
v 0.027662 0.672237 -0.448431
v 0.028399 0.674780 -0.446740
v 0.027854 0.673707 -0.447990
v -0.018483 0.672237 -0.494576
v -0.020717 0.675159 -0.497108
v -0.018773 0.673707 -0.494905
v -0.019593 0.674780 -0.495834
v -0.029145 0.675159 -0.488801
v -0.027662 0.672237 -0.485398
v -0.028399 0.674780 -0.487089
v -0.027854 0.673707 -0.485839
v -0.020670 0.675159 -0.436774
v -0.018483 0.672237 -0.439252
v -0.019570 0.674780 -0.438021
v -0.018767 0.673707 -0.438931
v -0.087622 0.995543 -0.099265
v -0.089163 0.998849 -0.096523
v -0.085857 0.997307 -0.099265
v -0.087842 0.996576 -0.098260
v -0.087367 0.996414 -0.099265
v -0.087589 0.996967 -0.098330
v -0.088103 0.998092 -0.097255
v -0.088406 0.997788 -0.097255
v -0.087834 0.997519 -0.097688
v -0.086729 0.997052 -0.099265
v -0.086891 0.997527 -0.098260
v -0.087282 0.997274 -0.098330
v 0.085857 0.997307 -0.099265
v 0.089163 0.998849 -0.096523
v 0.087622 0.995543 -0.099265
v 0.086891 0.997527 -0.098260
v 0.086729 0.997052 -0.099265
v 0.087282 0.997274 -0.098330
v 0.088406 0.997788 -0.097255
v 0.088103 0.998092 -0.097255
v 0.087834 0.997519 -0.097688
v 0.087367 0.996414 -0.099265
v 0.087842 0.996576 -0.098260
v 0.087589 0.996967 -0.098330
v -0.087622 0.823828 -0.099265
v -0.085857 0.822063 -0.099265
v -0.089163 0.820522 -0.096523
v -0.087367 0.822957 -0.099265
v -0.087842 0.822795 -0.098260
v -0.087589 0.822403 -0.098330
v -0.086891 0.821844 -0.098260
v -0.086729 0.822319 -0.099265
v -0.087282 0.822096 -0.098330
v -0.088406 0.821583 -0.097255
v -0.088103 0.821279 -0.097255
v -0.087834 0.821851 -0.097688
v 0.085857 0.822063 -0.099265
v 0.087622 0.823828 -0.099265
v 0.089163 0.820522 -0.096523
v 0.086729 0.822319 -0.099265
v 0.086891 0.821844 -0.098260
v 0.087282 0.822096 -0.098330
v 0.087842 0.822795 -0.098260
v 0.087367 0.822957 -0.099265
v 0.087589 0.822403 -0.098330
v 0.088103 0.821279 -0.097255
v 0.088406 0.821583 -0.097255
v 0.087834 0.821851 -0.097688
v -0.087622 0.995543 -0.695024
v -0.087170 0.996394 -0.695875
v -0.086744 0.997079 -0.695024
v -0.086744 0.995543 -0.696560
v -0.085857 0.996429 -0.696560
v -0.087622 0.823828 -0.695024
v -0.085857 0.823828 -0.696788
v -0.087170 0.822976 -0.695875
v -0.086744 0.822292 -0.695023
v -0.085857 0.822292 -0.695910
v 0.085857 0.822063 -0.695024
v 0.086709 0.822516 -0.695875
v 0.086744 0.823828 -0.696560
v 0.085857 0.822941 -0.696560
v 0.087394 0.822941 -0.695023
v 0.085857 0.997307 -0.695024
v 0.087622 0.995543 -0.695024
v 0.086709 0.996855 -0.695875
v 0.085857 0.996429 -0.696560
v 0.086744 0.995543 -0.696560
v 0.087622 0.823828 -0.577663
v 0.087125 0.820370 -0.576913
v 0.085307 0.820412 -0.578805
v 0.085857 0.822063 -0.581192
v 0.087622 0.823828 -0.580016
v 0.087367 0.822957 -0.581192
v 0.087551 0.822722 -0.577426
v 0.087622 0.823828 -0.578839
v 0.087418 0.822672 -0.578688
v 0.087369 0.821452 -0.577150
v 0.087107 0.821440 -0.578309
v 0.085482 0.821224 -0.579364
v 0.086474 0.821333 -0.579087
v 0.085683 0.821827 -0.580235
v 0.086669 0.822074 -0.580048
v 0.087622 0.995543 -0.581192
v 0.085857 0.997307 -0.581192
v 0.085857 0.997307 -0.577663
v 0.087622 0.995543 -0.577663
v 0.087378 0.996457 -0.580016
v 0.085857 0.997307 -0.580016
v 0.085857 0.997307 -0.578839
v 0.087378 0.996457 -0.578839
v -0.087622 0.995543 -0.581192
v -0.087622 0.995543 -0.577663
v -0.087622 0.995543 -0.580016
v -0.087622 0.995543 -0.578839
v -0.086744 0.997079 -0.577663
v -0.086771 0.997063 -0.578839
v -0.086729 0.997052 -0.581192
v -0.086771 0.997063 -0.580016
v -0.087622 0.823828 -0.581192
v -0.087125 0.820370 -0.576913
v -0.087622 0.823828 -0.577663
v -0.087622 0.823828 -0.580016
v -0.087330 0.822780 -0.579965
v -0.085683 0.821827 -0.580235
v -0.086729 0.822319 -0.581192
v -0.086154 0.820222 -0.578463
v -0.085482 0.821224 -0.579364
v -0.086474 0.821333 -0.579087
v -0.087369 0.821452 -0.577150
v -0.087107 0.821440 -0.578310
v -0.087622 0.823828 -0.578839
v -0.087551 0.822722 -0.577426
v -0.087418 0.822672 -0.578688
v 0.085857 0.997307 -0.352636
v 0.085857 0.997307 -0.356165
v 0.085857 0.997307 -0.353812
v 0.087394 0.996429 -0.352636
v 0.087378 0.996457 -0.353812
v 0.087367 0.996414 -0.356165
v 0.087378 0.996457 -0.354989
v 0.085857 0.997307 -0.354989
v -0.087622 0.823828 -0.352636
v -0.087622 0.823828 -0.356165
v -0.087125 0.820370 -0.356915
v -0.086729 0.822319 -0.352636
v -0.085683 0.821827 -0.353593
v -0.087622 0.823828 -0.353812
v -0.087330 0.822780 -0.353863
v -0.087551 0.822722 -0.356403
v -0.087622 0.823828 -0.354989
v -0.087418 0.822672 -0.355140
v -0.087369 0.821452 -0.356678
v -0.087107 0.821440 -0.355519
v -0.085482 0.821224 -0.354464
v -0.086154 0.820222 -0.355365
v -0.086474 0.821333 -0.354741
v 0.087622 0.823828 -0.356165
v 0.085857 0.822063 -0.352636
v 0.085307 0.820412 -0.355023
v 0.087369 0.821452 -0.356678
v 0.086813 0.820207 -0.356051
v 0.087107 0.821440 -0.355519
v 0.087622 0.823828 -0.354989
v 0.087551 0.822722 -0.356403
v 0.087418 0.822672 -0.355140
v 0.087367 0.822957 -0.352636
v 0.087622 0.823828 -0.353812
v 0.085683 0.821827 -0.353593
v 0.086669 0.822074 -0.353780
v 0.085482 0.821224 -0.354464
v 0.086474 0.821333 -0.354741
v -0.087622 0.995543 -0.356165
v -0.087622 0.995543 -0.352636
v -0.086729 0.997052 -0.356165
v -0.086771 0.997063 -0.354989
v -0.087622 0.995543 -0.354989
v -0.087378 0.996457 -0.353812
v -0.085857 0.997307 -0.353812
v -0.086744 0.997079 -0.352636
v 0.045007 0.676852 -0.410998
v 0.043165 0.676810 -0.409137
v 0.042745 0.675159 -0.411524
v 0.044305 0.676029 -0.410388
v 0.042939 0.675972 -0.409660
v 0.042785 0.675365 -0.410539
v 0.042745 0.675159 -0.522304
v 0.043712 0.675591 -0.523307
v 0.043031 0.675998 -0.524132
v 0.044509 0.676019 -0.522663
v 0.044687 0.676662 -0.523684
v -0.042745 0.675159 -0.522304
v -0.043712 0.675591 -0.523307
v -0.044509 0.676019 -0.522663
v -0.043031 0.675998 -0.524132
v -0.044019 0.676647 -0.524359
v -0.043165 0.676810 -0.409137
v -0.042878 0.675395 -0.410567
v -0.043685 0.675402 -0.411357
v -0.043818 0.675986 -0.409926
v -0.044509 0.676019 -0.411165
v -0.044687 0.676662 -0.410145
v 0.015762 0.672237 -0.490503
v 0.015762 0.505555 -0.490503
v 0.020061 0.505555 -0.486975
v 0.020061 0.672237 -0.486975
v -0.020061 0.672237 -0.486975
v -0.020061 0.505555 -0.486975
v -0.015762 0.505555 -0.490503
v -0.015762 0.672237 -0.490503
v 0.015762 0.672237 -0.443325
v 0.015762 0.505555 -0.443325
v 0.010857 0.505555 -0.440704
v 0.010857 0.672237 -0.440704
v 0.005535 0.672237 -0.439089
v 0.005535 0.505555 -0.439089
v -0.000000 0.505555 -0.438544
v -0.000000 0.672237 -0.438544
v -0.005535 0.672237 -0.439089
v -0.005535 0.505555 -0.439089
v -0.010857 0.505555 -0.440704
v -0.010857 0.672237 -0.440704
v -0.015762 0.672237 -0.443325
v -0.015762 0.505555 -0.443325
v -0.020061 0.505555 -0.446853
v -0.020061 0.672237 -0.446853
v -0.023589 0.672237 -0.451153
v -0.023589 0.505555 -0.451153
v -0.026211 0.505555 -0.456057
v -0.026211 0.672237 -0.456057
v -0.027825 0.672237 -0.461380
v -0.027825 0.505555 -0.461380
v -0.028370 0.505555 -0.466914
v -0.028370 0.672237 -0.466914
v -0.027825 0.672237 -0.472449
v -0.027825 0.505555 -0.472449
v -0.026211 0.505555 -0.477771
v -0.026211 0.672237 -0.477771
v -0.023589 0.672237 -0.482676
v -0.023589 0.505555 -0.482676
v -0.010857 0.672237 -0.493125
v -0.010857 0.505555 -0.493125
v -0.005535 0.505555 -0.494740
v -0.005535 0.672237 -0.494740
v -0.000000 0.672237 -0.495285
v -0.000000 0.505555 -0.495285
v 0.005535 0.505555 -0.494740
v 0.005535 0.672237 -0.494740
v 0.010857 0.672237 -0.493125
v 0.010857 0.505555 -0.493125
v 0.023589 0.672237 -0.482676
v 0.023589 0.505555 -0.482676
v 0.026211 0.505555 -0.477771
v 0.026211 0.672237 -0.477771
v 0.027825 0.672237 -0.472449
v 0.027825 0.505555 -0.472449
v 0.028370 0.505555 -0.466914
v 0.028370 0.672237 -0.466914
v 0.027825 0.672237 -0.461380
v 0.027825 0.505555 -0.461380
v 0.026211 0.505555 -0.456057
v 0.026211 0.672237 -0.456057
v 0.023589 0.672237 -0.451153
v 0.023589 0.505555 -0.451153
v 0.020061 0.505555 -0.446853
v 0.020061 0.672237 -0.446853
vn 0.9779 -0.1477 -0.1477
vn 0.9779 0.1477 -0.1477
vn 0.9779 0.1477 0.1477
vn 0.9779 -0.1477 0.1477
vn -0.1551 -0.9756 0.1551
vn -0.1514 -0.9774 -0.1477
vn -0.0001 -1.0000 -0.0000
vn -0.9756 -0.1551 0.1551
vn -0.9774 0.1477 0.1514
vn -0.9779 0.1477 -0.1477
vn -0.9774 -0.1514 -0.1477
vn 1.0000 0.0011 -0.0021
vn 0.9987 -0.0500 0.0136
vn 0.9979 -0.0502 -0.0403
vn 0.9982 0.0007 -0.0601
vn -0.0000 -1.0000 -0.0000
vn 0.1477 -0.9779 -0.1477
vn 0.1951 -0.0000 -0.9808
vn 0.1930 0.1447 -0.9705
vn 0.3787 0.1447 -0.9142
vn 0.3827 -0.0000 -0.9239
vn 0.5495 0.1474 -0.8224
vn 0.3785 0.1474 -0.9138
vn 0.3745 0.2056 -0.9041
vn 0.5437 0.2056 -0.8137
vn 0.6994 0.1474 -0.6994
vn 0.6920 0.2056 -0.6920
vn 0.8224 0.1474 -0.5495
vn 0.8137 0.2056 -0.5437
vn 0.9138 0.1474 -0.3785
vn 0.9041 0.2056 -0.3745
vn 0.9701 0.1474 -0.1930
vn 0.9598 0.2056 -0.1909
vn 0.9891 0.1474 -0.0000
vn 0.9786 0.2056 -0.0000
vn 0.9701 0.1474 0.1930
vn 0.9598 0.2056 0.1909
vn 0.9138 0.1474 0.3785
vn 0.9041 0.2056 0.3745
vn 0.8224 0.1474 0.5495
vn 0.8137 0.2056 0.5437
vn 0.6994 0.1474 0.6994
vn 0.6920 0.2056 0.6920
vn 0.5495 0.1474 0.8224
vn 0.5437 0.2056 0.8137
vn 0.3785 0.1474 0.9138
vn 0.3745 0.2056 0.9041
vn 0.1930 0.1474 0.9701
vn 0.1909 0.2056 0.9598
vn -0.0000 0.1474 0.9891
vn -0.0000 0.2056 0.9786
vn -0.1930 0.1474 0.9701
vn -0.1909 0.2056 0.9598
vn -0.3785 0.1474 0.9138
vn -0.3745 0.2056 0.9041
vn -0.5495 0.1474 0.8224
vn -0.5437 0.2056 0.8137
vn -0.6994 0.1474 0.6994
vn -0.6920 0.2056 0.6920
vn -0.8224 0.1474 0.5495
vn -0.8137 0.2056 0.5437
vn -0.9138 0.1474 0.3785
vn -0.9041 0.2056 0.3745
vn -0.9701 0.1474 0.1930
vn -0.9598 0.2056 0.1909
vn -0.9891 0.1474 -0.0000
vn -0.9786 0.2056 -0.0000
vn -0.9701 0.1474 -0.1930
vn -0.9598 0.2056 -0.1909
vn -0.9138 0.1474 -0.3785
vn -0.9041 0.2056 -0.3745
vn -0.8224 0.1474 -0.5495
vn -0.8137 0.2056 -0.5437
vn -0.6994 0.1474 -0.6994
vn -0.6920 0.2056 -0.6920
vn -0.5495 0.1474 -0.8224
vn -0.5437 0.2056 -0.8137
vn -0.3785 0.1474 -0.9138
vn -0.3745 0.2056 -0.9041
vn -0.1930 0.1474 -0.9701
vn -0.1909 0.2056 -0.9598
vn -0.0000 -0.0000 1.0000
vn 0.1951 -0.0000 0.9808
vn 0.1930 0.1474 -0.9701
vn 0.1909 0.2056 -0.9598
vn -0.0000 -0.0000 -1.0000
vn -0.0000 0.1447 -0.9895
vn -0.1951 -0.0000 -0.9808
vn -0.1930 0.1447 -0.9705
vn 0.5556 -0.0000 -0.8315
vn 0.5497 0.1447 -0.8227
vn 0.6997 0.1447 -0.6997
vn 0.7071 -0.0000 -0.7071
vn 0.8227 0.1447 -0.5497
vn 0.8315 -0.0000 -0.5556
vn 0.9142 0.1447 -0.3787
vn 0.9239 -0.0000 -0.3827
vn 0.9705 0.1447 -0.1930
vn 0.9808 -0.0000 -0.1951
vn 0.9895 0.1447 -0.0000
vn 1.0000 -0.0000 -0.0000
vn 0.9705 0.1447 0.1930
vn 0.9808 -0.0000 0.1951
vn 0.9142 0.1447 0.3787
vn 0.9239 -0.0000 0.3827
vn 0.8227 0.1447 0.5497
vn 0.8315 -0.0000 0.5556
vn 0.6997 0.1447 0.6997
vn 0.7071 -0.0000 0.7071
vn 0.5497 0.1447 0.8227
vn 0.5556 -0.0000 0.8315
vn 0.3787 0.1447 0.9142
vn 0.3827 -0.0000 0.9239
vn 0.1930 0.1447 0.9705
vn -0.0000 0.1447 0.9895
vn -0.1930 0.1447 0.9705
vn -0.1951 -0.0000 0.9808
vn -0.3787 0.1447 0.9142
vn -0.3827 -0.0000 0.9239
vn -0.5497 0.1447 0.8227
vn -0.5556 -0.0000 0.8315
vn -0.6997 0.1447 0.6997
vn -0.7071 -0.0000 0.7071
vn -0.8227 0.1447 0.5497
vn -0.8315 -0.0000 0.5556
vn -0.9142 0.1447 0.3787
vn -0.9239 -0.0000 0.3827
vn -0.9705 0.1447 0.1930
vn -0.9808 -0.0000 0.1951
vn -0.9895 0.1447 -0.0000
vn -1.0000 -0.0000 -0.0000
vn -0.9705 0.1447 -0.1930
vn -0.9808 -0.0000 -0.1951
vn -0.9142 0.1447 -0.3787
vn -0.9239 -0.0000 -0.3827
vn -0.8227 0.1447 -0.5497
vn -0.8315 -0.0000 -0.5556
vn -0.6997 0.1447 -0.6997
vn -0.7071 -0.0000 -0.7071
vn -0.5497 0.1447 -0.8227
vn -0.5556 -0.0000 -0.8315
vn -0.3787 0.1447 -0.9142
vn -0.3827 -0.0000 -0.9239
vn 0.3457 0.4290 0.8346
vn 0.1762 0.4290 0.8860
vn 0.1769 0.4220 0.8892
vn 0.3469 0.4220 0.8376
vn -0.1762 0.4290 -0.8860
vn -0.0000 0.4290 -0.9033
vn -0.0000 0.4220 -0.9066
vn -0.1769 0.4220 -0.8892
vn -0.6387 0.4290 -0.6387
vn -0.5019 0.4290 -0.7511
vn -0.5037 0.4220 -0.7538
vn -0.6411 0.4220 -0.6411
vn -0.0000 0.4290 0.9033
vn -0.0000 0.4220 0.9066
vn 0.3457 0.4290 -0.8346
vn 0.5019 0.4290 -0.7511
vn 0.5037 0.4220 -0.7538
vn 0.3469 0.4220 -0.8376
vn -0.3457 0.4290 -0.8346
vn -0.3469 0.4220 -0.8376
vn -0.1762 0.4290 0.8860
vn -0.1769 0.4220 0.8892
vn 0.6387 0.4290 -0.6387
vn 0.6411 0.4220 -0.6411
vn -0.3457 0.4290 0.8346
vn -0.3469 0.4220 0.8376
vn 0.7511 0.4290 -0.5019
vn 0.7538 0.4220 -0.5037
vn -0.0000 0.1474 -0.9891
vn -0.0000 0.2056 -0.9786
vn -0.5019 0.4290 0.7511
vn -0.5037 0.4220 0.7538
vn 0.8346 0.4290 -0.3457
vn 0.8376 0.4220 -0.3469
vn -0.6387 0.4290 0.6387
vn -0.6411 0.4220 0.6411
vn 0.8860 0.4290 -0.1762
vn 0.8892 0.4220 -0.1769
vn -0.7511 0.4290 0.5019
vn -0.7538 0.4220 0.5037
vn 0.9033 0.4290 -0.0000
vn 0.9066 0.4220 -0.0000
vn -0.8346 0.4290 0.3457
vn -0.8376 0.4220 0.3469
vn 0.8860 0.4290 0.1762
vn 0.8892 0.4220 0.1769
vn -0.8860 0.4290 0.1762
vn -0.8892 0.4220 0.1769
vn 0.8346 0.4290 0.3457
vn 0.8376 0.4220 0.3469
vn -0.9033 0.4290 -0.0000
vn -0.9066 0.4220 -0.0000
vn 0.7511 0.4290 0.5019
vn 0.7538 0.4220 0.5037
vn -0.8860 0.4290 -0.1762
vn -0.8892 0.4220 -0.1769
vn 0.6387 0.4290 0.6387
vn 0.6411 0.4220 0.6411
vn -0.8346 0.4290 -0.3457
vn -0.8376 0.4220 -0.3469
vn 0.5019 0.4290 0.7511
vn 0.5037 0.4220 0.7538
vn -0.7511 0.4290 -0.5019
vn -0.7538 0.4220 -0.5037
vn 0.1762 0.4290 -0.8860
vn 0.1769 0.4220 -0.8892
vn -0.3112 0.5820 0.7513
vn -0.1586 0.5820 0.7975
vn -0.1569 0.5944 0.7888
vn -0.3078 0.5944 0.7430
vn -0.0000 1.0000 -0.0000
vn 0.6761 0.5820 -0.4518
vn 0.5750 0.5820 -0.5750
vn 0.5687 0.5944 -0.5687
vn 0.6687 0.5944 -0.4468
vn -0.0000 0.5820 -0.8132
vn -0.1586 0.5820 -0.7975
vn -0.1569 0.5944 -0.7888
vn -0.0000 0.5944 -0.8042
vn -0.4518 0.5820 0.6761
vn -0.4468 0.5944 0.6687
vn 0.7513 0.5820 -0.3112
vn 0.7430 0.5944 -0.3078
vn -0.5750 0.5820 0.5750
vn -0.5687 0.5944 0.5687
vn 0.7975 0.5820 -0.1586
vn 0.7887 0.5944 -0.1569
vn -0.6761 0.5820 0.4518
vn -0.6687 0.5944 0.4468
vn 0.8132 0.5820 -0.0000
vn 0.8042 0.5944 -0.0000
vn -0.7513 0.5820 0.3112
vn -0.7430 0.5944 0.3078
vn 0.7975 0.5820 0.1586
vn 0.7888 0.5944 0.1569
vn -0.7975 0.5820 0.1586
vn -0.7888 0.5944 0.1569
vn 0.7513 0.5820 0.3112
vn 0.7430 0.5944 0.3078
vn -0.8132 0.5820 -0.0000
vn -0.8042 0.5944 -0.0000
vn 0.6761 0.5820 0.4518
vn 0.6687 0.5944 0.4468
vn -0.7975 0.5820 -0.1586
vn -0.7887 0.5944 -0.1569
vn 0.5750 0.5820 0.5750
vn 0.5687 0.5944 0.5687
vn -0.7513 0.5820 -0.3112
vn -0.7430 0.5944 -0.3078
vn 0.4518 0.5820 0.6761
vn 0.4468 0.5944 0.6687
vn -0.6761 0.5820 -0.4518
vn -0.6687 0.5944 -0.4468
vn 0.3112 0.5820 0.7513
vn 0.3078 0.5944 0.7430
vn 0.3112 0.5820 -0.7513
vn 0.1586 0.5820 -0.7975
vn 0.1569 0.5944 -0.7888
vn 0.3078 0.5944 -0.7430
vn -0.5750 0.5820 -0.5750
vn -0.5687 0.5944 -0.5687
vn 0.1586 0.5820 0.7975
vn 0.1569 0.5944 0.7888
vn -0.4518 0.5820 -0.6761
vn -0.4468 0.5944 -0.6687
vn -0.0000 0.5820 0.8132
vn -0.0000 0.5944 0.8042
vn 0.4518 0.5820 -0.6761
vn 0.4468 0.5944 -0.6687
vn -0.3112 0.5820 -0.7513
vn -0.3078 0.5944 -0.7430
vn 0.9031 0.2109 -0.3741
vn 0.8128 0.2109 -0.5431
vn -0.0000 0.2109 -0.9775
vn -0.1907 0.2109 -0.9587
vn 0.6912 0.2109 -0.6912
vn -0.3741 0.2109 -0.9031
vn 0.5431 0.2109 -0.8128
vn -0.5431 0.2109 -0.8128
vn 0.3741 0.2109 -0.9031
vn -0.6912 0.2109 -0.6912
vn -0.8128 0.2109 -0.5431
vn 0.1907 0.2109 -0.9587
vn -0.9031 0.2109 -0.3741
vn -0.9587 0.2109 -0.1907
vn -0.9775 0.2109 -0.0000
vn -0.9587 0.2109 0.1907
vn -0.9031 0.2109 0.3741
vn -0.8128 0.2109 0.5431
vn -0.6912 0.2109 0.6912
vn -0.5431 0.2109 0.8128
vn 0.9587 0.2109 -0.1907
vn 0.9775 0.2109 -0.0000
vn 0.9587 0.2109 0.1907
vn 0.9031 0.2109 0.3741
vn 0.8128 0.2109 0.5431
vn 0.6912 0.2109 0.6912
vn 0.5431 0.2109 0.8128
vn 0.3741 0.2109 0.9031
vn 0.1907 0.2109 0.9587
vn -0.0000 0.2109 0.9775
vn -0.1907 0.2109 0.9587
vn -0.3741 0.2109 0.9031
vn 0.1477 -0.9774 0.1514
vn -0.0000 -1.0000 -0.0001
vn -0.1514 0.1477 0.9774
vn -0.1374 0.5071 0.8509
vn -0.4601 0.4601 0.7594
vn -0.5103 0.1369 0.8490
vn -0.1374 0.8509 0.5071
vn -0.4601 0.7594 0.4601
vn -0.1477 0.9779 0.1477
vn -0.5071 0.8509 0.1374
vn -0.8509 0.5071 0.1374
vn -0.7594 0.4601 0.4601
vn -0.8490 0.1369 0.5103
vn -0.1477 0.9779 -0.1477
vn -0.1374 0.8509 -0.5071
vn -0.4601 0.7594 -0.4601
vn -0.5071 0.8509 -0.1374
vn -0.1169 0.4666 -0.8767
vn -0.4601 0.4601 -0.7594
vn -0.1894 0.1894 -0.9635
vn -0.1894 -0.1894 -0.9635
vn -0.4666 -0.1169 -0.8767
vn -0.4666 0.1169 -0.8767
vn -0.8509 0.1374 -0.5071
vn -0.7594 0.4601 -0.4601
vn -0.8509 0.5071 -0.1374
vn 0.1477 0.9779 0.1477
vn 0.1374 0.8509 0.5071
vn 0.4601 0.7594 0.4601
vn 0.5071 0.8509 0.1374
vn 0.1374 0.5071 0.8509
vn 0.4601 0.4601 0.7594
vn 0.1477 0.1477 0.9779
vn 0.5071 0.1374 0.8509
vn 0.8509 0.1374 0.5071
vn 0.7594 0.4601 0.4601
vn 0.8509 0.5071 0.1374
vn 0.1477 0.9779 -0.1477
vn 0.5071 0.8509 -0.1374
vn 0.4601 0.7594 -0.4601
vn 0.1374 0.8509 -0.5071
vn 0.8509 0.5071 -0.1374
vn 0.7594 0.4601 -0.4601
vn 0.8509 0.1374 -0.5071
vn 0.4666 0.1169 -0.8767
vn 0.4601 0.4601 -0.7594
vn 0.9829 0.1149 -0.1441
vn 0.9829 -0.1149 -0.1442
vn 0.9993 -0.0002 0.0376
vn 0.9987 0.0006 0.0507
vn 0.1169 0.4666 -0.8767
vn -0.8509 -0.1374 -0.5071
vn -0.7594 -0.4601 -0.4601
vn -0.8490 -0.5103 -0.1369
vn -0.4601 -0.4601 -0.7594
vn 0.1169 -0.4666 -0.8767
vn -0.1169 -0.4666 -0.8767
vn 0.1894 -0.1894 -0.9635
vn -0.1374 -0.8509 -0.5071
vn -0.4601 -0.7594 -0.4601
vn -0.5103 -0.8490 -0.1369
vn -0.1458 -0.8447 0.5150
vn -0.4650 -0.7534 0.4650
vn -0.5150 -0.8447 0.1458
vn -0.1458 -0.5150 0.8447
vn -0.4650 -0.4650 0.7534
vn -0.1551 -0.1551 0.9756
vn -0.5150 -0.1458 0.8447
vn -0.8447 -0.1458 0.5150
vn -0.7534 -0.4650 0.4650
vn -0.8447 -0.5150 0.1458
vn -0.9721 -0.2325 -0.0321
vn -0.9658 0.2592 -0.0047
vn 0.4666 -0.1169 -0.8767
vn 0.8509 -0.1374 -0.5071
vn 0.7594 -0.4601 -0.4601
vn 0.4601 -0.4601 -0.7594
vn 0.8509 -0.5071 -0.1374
vn 0.5071 -0.8509 -0.1374
vn 0.4601 -0.7594 -0.4601
vn 0.1374 -0.8509 -0.5071
vn 0.8509 -0.1374 0.5071
vn 0.7594 -0.4601 0.4601
vn 0.8509 -0.5071 0.1374
vn 0.5071 -0.1374 0.8509
vn 0.4601 -0.4601 0.7594
vn 0.1477 -0.1514 0.9774
vn 0.1369 -0.5103 0.8490
vn 0.1369 -0.8490 0.5103
vn 0.4601 -0.7594 0.4601
vn 0.5071 -0.8509 0.1374
vn -0.1151 0.9829 -0.1440
vn 0.1149 0.9829 -0.1440
vn 0.2768 0.9606 0.0266
vn -0.0011 0.9994 0.0357
vn 0.1148 -0.9829 -0.1440
vn -0.1151 -0.9829 -0.1440
vn -0.0012 -0.9926 0.1213
vn 0.2684 -0.9493 0.1633
vn 0.1894 0.1894 -0.9635
vn 0.1376 -0.7088 -0.6918
vn -0.0000 -0.7088 -0.7054
vn 0.2699 -0.7088 -0.6517
vn 0.3919 -0.7088 -0.5865
vn 0.4988 -0.7088 -0.4988
vn 0.5865 -0.7088 -0.3919
vn 0.6517 -0.7088 -0.2699
vn 0.6918 -0.7088 -0.1376
vn 0.7054 -0.7088 -0.0000
vn 0.6918 -0.7088 0.1376
vn 0.6517 -0.7088 0.2699
vn 0.5865 -0.7088 0.3919
vn 0.4988 -0.7088 0.4988
vn 0.3919 -0.7088 0.5865
vn 0.2699 -0.7088 0.6517
vn 0.1376 -0.7088 0.6918
vn -0.0000 -0.7088 0.7054
vn -0.1376 -0.7088 0.6918
vn -0.2699 -0.7088 0.6517
vn -0.3919 -0.7088 0.5865
vn -0.4988 -0.7088 0.4988
vn -0.5865 -0.7088 0.3919
vn -0.6517 -0.7088 0.2699
vn -0.6918 -0.7088 0.1376
vn -0.7054 -0.7088 -0.0000
vn -0.6918 -0.7088 -0.1376
vn -0.6517 -0.7088 -0.2699
vn -0.5865 -0.7088 -0.3919
vn -0.4988 -0.7088 -0.4988
vn -0.3919 -0.7088 -0.5865
vn -0.2699 -0.7088 -0.6517
vn -0.1376 -0.7088 -0.6918
vn 0.1376 -0.7088 -0.6919
vn 0.2700 -0.7088 -0.6517
vn 0.6919 -0.7088 -0.1376
vn 0.6919 -0.7088 0.1376
vn 0.6517 -0.7088 0.2700
vn 0.1376 -0.7088 0.6919
vn -0.1376 -0.7088 0.6919
vn -0.2700 -0.7088 0.6517
vn -0.6919 -0.7088 0.1376
vn -0.6919 -0.7088 -0.1376
vn -0.2700 -0.7088 -0.6517
vn -0.1376 -0.7088 -0.6919
vn -0.1180 -0.0000 0.9930
vn 0.1180 -0.0000 0.9930
vn 0.9930 -0.0000 0.1180
vn 0.9930 -0.0000 -0.1180
vn 0.1180 -0.0000 -0.9930
vn -0.1180 -0.0000 -0.9930
vn 0.4122 -0.0000 -0.9111
vn 0.9111 -0.0000 -0.4122
vn 0.4122 -0.0000 0.9111
vn 0.9111 -0.0000 0.4122
vn -0.4122 -0.0000 0.9111
vn -0.9111 -0.0000 0.4122
vn -0.9930 -0.0000 0.1180
vn -0.4122 -0.0000 -0.9111
vn -0.9111 -0.0000 -0.4122
vn -0.9930 -0.0000 -0.1180
vn -0.0014 1.0000 -0.0024
vn -0.0014 1.0000 -0.0023
vn -0.0074 0.9526 -0.3040
vn -0.0766 0.9633 -0.2572
vn -0.0605 -0.3075 -0.9496
vn 0.0004 0.0004 -1.0000
vn 0.0004 -0.0017 -1.0000
vn 0.2466 -0.9554 -0.1624
vn -0.0012 -0.9926 -0.1216
vn -0.0014 -1.0000 -0.0004
vn -0.0068 -0.9528 -0.3036
vn 1.0000 -0.0006 -0.0027
vn 1.0000 -0.0009 -0.0017
vn 0.9583 -0.0766 -0.2754
vn 0.9562 0.0592 -0.2867
vn -0.0014 1.0000 -0.0033
vn -0.0014 1.0000 -0.0034
vn -0.9986 -0.0505 0.0146
vn -0.9663 0.2574 0.0018
vn -0.9986 -0.0505 -0.0146
vn -0.9126 -0.3474 0.2155
vn -0.9161 -0.3385 -0.2150
vn -0.8886 -0.4073 -0.2109
vn -0.7949 -0.4692 0.3848
vn -0.0679 -0.4996 -0.8636
vn 0.2958 -0.5697 -0.7668
vn 0.2204 -0.4538 -0.8634
vn -0.0063 -0.3545 -0.9350
vn -0.9829 -0.1151 -0.1439
vn -0.9829 0.1150 -0.1439
vn -0.9745 0.2241 -0.0074
vn -0.9670 -0.2546 0.0056
vn 0.2437 -0.5330 0.8103
vn -0.4821 -0.5145 0.7092
vn -0.1603 -0.4836 0.8605
vn 0.2338 -0.4865 0.8418
vn 0.9535 -0.2987 -0.0409
vn 0.8000 -0.4408 0.4071
vn 0.8744 -0.4612 0.1504
vn 0.7636 -0.6413 -0.0757
vn 0.2197 -0.9722 0.0808
vn 0.0220 -0.9998 -0.0000
vn 0.1778 -0.9712 -0.1587
vn 0.0580 -0.9946 0.0857
vn 0.0719 -0.9946 0.0745
vn -0.0060 -0.9920 0.1260
vn 0.0292 -0.9927 0.1169
vn 0.0877 -0.9941 0.0639
vn -0.0821 -0.9388 0.3346
vn -0.1147 -0.9919 0.0553
vn -0.0924 -0.9935 0.0671
vn -0.3991 -0.9169 -0.0002
vn -0.1517 -0.9876 0.0408
vn -0.1881 -0.9691 -0.1594
vn -0.1416 -0.9891 -0.0394
vn -0.0444 -0.9941 -0.0989
vn -0.0580 -0.9946 -0.0857
vn -0.0719 -0.9946 -0.0745
vn 0.1084 -0.9927 -0.0528
vn 0.0877 -0.9941 -0.0639
vn 0.0704 -0.9961 -0.0530
vn 0.0704 -0.9961 0.0530
vn 0.0444 -0.9941 0.0989
vn -0.0000 -0.9904 -0.1384
vn 0.0292 -0.9927 -0.1169
vn 0.1084 -0.9927 0.0528
vn -0.1084 -0.9927 -0.0528
vn -0.0877 -0.9941 -0.0639
vn -0.0292 -0.9927 -0.1169
vn 0.0719 -0.9946 -0.0745
vn -0.0757 -0.9940 0.0784
vn -0.0466 -0.9933 0.1056
vn -0.0252 -0.9915 0.1276
vn 0.0444 -0.9941 -0.0989
vn 0.0580 -0.9946 -0.0857
vn -0.0611 -0.9940 0.0906
vn 0.8071 -0.2649 -0.5277
vn 0.6807 -0.2831 -0.6757
vn 0.6751 -0.2835 -0.6811
vn 0.7952 -0.2677 -0.5441
vn 0.5806 -0.7266 -0.3674
vn 0.4695 -0.7529 -0.4611
vn 0.3090 -0.8981 -0.3130
vn 0.3786 -0.8882 -0.2604
vn 0.2446 -0.8982 -0.3651
vn 0.3612 -0.7537 -0.5491
vn 0.5345 -0.2839 -0.7961
vn 0.5307 -0.2837 -0.7986
vn -0.8078 -0.2612 0.5284
vn -0.6815 -0.2785 0.6767
vn -0.6760 -0.2788 0.6821
vn -0.7961 -0.2638 0.5446
vn -0.5849 -0.7215 0.3705
vn -0.4739 -0.7471 0.4660
vn -0.3127 -0.8953 0.3172
vn -0.3825 -0.8857 0.2633
vn 0.5307 -0.2837 0.7987
vn 0.6807 -0.2831 0.6757
vn 0.6751 -0.2834 0.6811
vn 0.5345 -0.2839 0.7961
vn 0.3612 -0.7537 0.5490
vn 0.4695 -0.7529 0.4611
vn 0.3090 -0.8981 0.3130
vn 0.2446 -0.8982 0.3651
vn 0.9711 -0.1669 0.1704
vn 0.9901 -0.1407 -0.0000
vn 0.9471 -0.3209 -0.0000
vn 0.9170 -0.3614 0.1688
vn 0.8753 -0.4836 -0.0000
vn 0.7679 -0.6089 0.1991
vn 0.4027 -0.9139 0.0508
vn 0.4261 -0.9037 0.0432
vn -0.0000 -0.9564 -0.2920
vn -0.0405 -0.9602 -0.2765
vn -0.1664 -0.6957 -0.6988
vn -0.0000 -0.6450 -0.7642
vn -0.0000 -0.4479 -0.8941
vn -0.1635 -0.4732 -0.8657
vn -0.0000 -0.2125 -0.9772
vn -0.1756 -0.2310 -0.9570
vn -0.9711 -0.1669 -0.1704
vn -0.9902 -0.1399 0.0005
vn -0.9902 -0.1399 -0.0005
vn -0.8868 -0.4269 -0.1770
vn -0.7760 -0.6307 0.0025
vn -0.5855 -0.8006 -0.1273
vn -0.1897 -0.2495 0.9496
vn 0.0124 -0.2293 0.9733
vn 0.0083 -0.4710 0.8821
vn -0.1882 -0.2495 0.9499
vn -0.1397 -0.7070 0.6933
vn -0.0225 -0.6885 0.7249
vn -0.1365 -0.7070 0.6939
vn -0.0496 -0.9683 0.2448
vn 0.0135 -0.9600 0.2795
vn 0.9711 -0.1669 -0.1704
vn 0.9057 -0.2274 -0.3579
vn 0.8191 -0.4684 -0.3311
vn 0.9170 -0.3614 -0.1688
vn 0.6522 -0.6940 -0.3050
vn 0.7679 -0.6089 -0.1991
vn 0.4028 -0.9139 -0.0508
vn 0.2648 -0.9595 -0.0957
vn 0.1788 -0.8888 -0.4221
vn 0.0405 -0.9602 -0.2765
vn 0.1664 -0.6957 -0.6988
vn 0.2470 -0.7293 -0.6381
vn 0.1635 -0.4732 -0.8657
vn 0.3763 -0.2690 -0.8866
vn 0.3610 -0.2668 -0.8936
vn 0.1756 -0.2310 -0.9570
vn -0.9714 -0.1651 0.1707
vn -0.9062 -0.2246 0.3584
vn -0.8212 -0.4642 0.3320
vn -0.8888 -0.4227 0.1771
vn -0.6565 -0.6890 0.3071
vn -0.5897 -0.7975 0.1280
vn -0.2678 -0.9586 0.0969
vn 0.1756 -0.2310 0.9570
vn 0.3610 -0.2668 0.8936
vn 0.3763 -0.2690 0.8866
vn 0.1635 -0.4731 0.8657
vn 0.2470 -0.7293 0.6381
vn 0.1788 -0.8888 0.4221
vn 0.1664 -0.6957 0.6988
vn 0.0405 -0.9601 0.2767
vn 0.8071 -0.2649 0.5277
vn 0.9056 -0.2274 0.3579
vn 0.8191 -0.4685 0.3311
vn 0.7952 -0.2677 0.5441
vn 0.5806 -0.7266 0.3673
vn 0.6522 -0.6939 0.3050
vn 0.3786 -0.8882 0.2604
vn 0.2648 -0.9595 0.0957
vn -0.1788 -0.8888 -0.4221
vn -0.2446 -0.8982 -0.3651
vn -0.2470 -0.7293 -0.6381
vn -0.3612 -0.7537 -0.5490
vn -0.5345 -0.2839 -0.7961
vn -0.3763 -0.2690 -0.8866
vn -0.3610 -0.2668 -0.8936
vn -0.5307 -0.2837 -0.7987
vn -0.8071 -0.2649 -0.5277
vn -0.9057 -0.2274 -0.3579
vn -0.8191 -0.4685 -0.3311
vn -0.7952 -0.2677 -0.5441
vn -0.5806 -0.7266 -0.3674
vn -0.6522 -0.6940 -0.3050
vn -0.3786 -0.8882 -0.2604
vn -0.2648 -0.9595 -0.0957
vn -0.5315 -0.2781 0.8001
vn -0.3617 -0.2600 0.8953
vn -0.3767 -0.2622 0.8885
vn -0.5352 -0.2783 0.7975
vn -0.3652 -0.7465 0.5562
vn -0.2500 -0.7194 0.6481
vn -0.1814 -0.8840 0.4308
vn -0.2480 -0.8948 0.3711
vn 0.4262 -0.9036 -0.0432
vn -0.3090 -0.8981 -0.3130
vn -0.4695 -0.7530 -0.4611
vn -0.6751 -0.2835 -0.6811
vn -0.6807 -0.2831 -0.6757
vn -0.8387 0.1916 -0.5097
vn -0.6282 0.4916 -0.6030
vn -0.8553 0.4507 -0.2554
vn -0.5889 0.2059 -0.7815
vn -0.4762 0.4762 -0.7392
vn -0.3946 0.3946 -0.8298
vn -0.2059 0.5889 -0.7815
vn -0.1916 0.8387 -0.5097
vn -0.4915 0.6283 -0.6031
vn -0.4022 0.8518 -0.3357
vn 0.1916 0.8387 -0.5097
vn 0.4916 0.6283 -0.6030
vn 0.4508 0.8553 -0.2554
vn 0.2059 0.5889 -0.7815
vn 0.4762 0.4762 -0.7392
vn 0.3946 0.3946 -0.8298
vn 0.5889 0.2059 -0.7815
vn 0.8387 0.1916 -0.5097
vn 0.6282 0.4916 -0.6030
vn 0.8518 0.4022 -0.3357
vn -0.8540 -0.4531 -0.2556
vn -0.6282 -0.4916 -0.6031
vn -0.8387 -0.1916 -0.5097
vn -0.4021 -0.8518 -0.3357
vn -0.4916 -0.6283 -0.6030
vn -0.1916 -0.8387 -0.5097
vn -0.2059 -0.5889 -0.7815
vn -0.4762 -0.4762 -0.7392
vn -0.3947 -0.3946 -0.8298
vn -0.5889 -0.2059 -0.7815
vn 0.4531 -0.8541 -0.2555
vn 0.4916 -0.6283 -0.6030
vn 0.1916 -0.8387 -0.5097
vn 0.8518 -0.4021 -0.3357
vn 0.6282 -0.4916 -0.6030
vn 0.8387 -0.1916 -0.5097
vn 0.5889 -0.2059 -0.7815
vn 0.4762 -0.4762 -0.7392
vn 0.3946 -0.3947 -0.8298
vn 0.2059 -0.5889 -0.7815
vn -0.8656 0.5006 0.0111
vn -0.8657 0.5005 0.0120
vn -0.8677 0.4959 0.0350
vn -0.1664 0.8251 -0.5399
vn -0.3507 0.6864 -0.6371
vn -0.4271 0.4272 -0.7969
vn -0.8126 -0.0130 -0.5827
vn -0.8103 -0.0121 -0.5859
vn -0.8677 -0.0349 -0.4959
vn -0.7542 0.1039 -0.6484
vn -0.7616 0.0778 -0.6434
vn -0.6712 0.3146 -0.6712
vn -0.1180 -0.4927 -0.8621
vn -0.2715 -0.4776 -0.8356
vn -0.4272 -0.7969 -0.4271
vn -0.8657 -0.5005 0.0120
vn -0.8656 -0.5006 0.0111
vn -0.8677 -0.4959 0.0349
vn -0.0110 -0.8682 -0.4961
vn -0.0349 -0.8677 -0.4958
vn 0.8052 -0.1651 -0.5696
vn 0.6864 -0.3507 -0.6370
vn 0.4273 -0.4272 -0.7969
vn 0.5004 -0.8657 0.0120
vn 0.5006 -0.8656 0.0111
vn 0.4958 -0.8678 0.0349
vn 0.7032 0.7032 0.1049
vn 0.7049 0.7049 0.0788
vn 0.6712 0.6712 0.3147
vn 0.8784 0.1167 -0.4635
vn 0.8356 0.2715 -0.4775
vn 0.4271 0.4271 -0.7969
vn -0.0119 0.8682 -0.4961
vn -0.0350 0.8677 -0.4959
vn 0.8657 -0.4734 0.1627
vn 0.9856 -0.1670 -0.0246
vn 0.8797 -0.4447 -0.1681
vn 0.9874 -0.1311 -0.0881
vn 0.9356 -0.3005 -0.1852
vn 0.9885 -0.1415 -0.0533
vn 0.9677 -0.2347 -0.0919
vn 0.8096 -0.4780 -0.3406
vn 0.6139 -0.5342 -0.5812
vn 0.5485 -0.6640 -0.5082
vn 0.1411 -0.7281 -0.6708
vn 0.1409 -0.8974 -0.4182
vn 0.3513 -0.8527 -0.3865
vn 0.5014 -0.8570 -0.1192
vn 0.6731 0.7339 -0.0911
vn 0.6620 0.7402 -0.1174
vn 0.2870 0.9559 -0.0625
vn 0.5599 0.8179 -0.1324
vn 0.6224 0.7740 0.1166
vn 0.6249 0.7755 0.0904
vn 0.5599 0.8179 0.1324
vn 0.2871 0.9561 0.0595
vn -0.8675 0.4975 0.0034
vn -0.8716 0.4902 0.0034
vn -0.9674 0.2533 0.0018
vn -0.8655 0.5008 -0.0090
vn -0.9669 0.2552 -0.0047
vn -0.8697 0.4935 -0.0091
vn -0.9198 -0.3668 -0.1396
vn -0.9922 -0.1243 -0.0110
vn -0.8593 -0.5033 -0.0909
vn -0.4884 -0.8682 0.0874
vn -0.1411 -0.8548 -0.4994
vn -0.1480 -0.7034 -0.6952
vn -0.3580 -0.6407 -0.6792
vn -0.4045 -0.7053 -0.5822
vn -0.7601 -0.4660 -0.4528
vn -0.8619 -0.4077 -0.3016
vn -0.7809 -0.5059 -0.3664
vn -0.9730 -0.2116 -0.0919
vn -0.9885 -0.1415 -0.0533
vn -0.9464 -0.2877 -0.1466
vn -0.9956 -0.0905 -0.0241
vn 0.5330 0.8461 0.0032
vn 0.4902 0.8716 0.0035
vn 0.2537 0.9673 0.0001
vn 0.5666 0.8239 -0.0097
vn 0.5663 0.8241 -0.0097
vn 0.2549 0.9664 -0.0326
vn 0.4935 0.8697 -0.0091
vn -0.4884 -0.8683 -0.0874
vn -0.8299 -0.5505 0.0907
vn -0.9198 -0.3668 0.1396
vn -0.9922 -0.1243 0.0110
vn -0.9947 -0.0903 0.0499
vn -0.9464 -0.2877 0.1466
vn -0.9885 -0.1415 0.0533
vn -0.9548 -0.2663 0.1323
vn -0.8595 -0.4084 0.3073
vn -0.5746 -0.5920 0.5651
vn -0.1480 -0.7034 0.6953
vn -0.1411 -0.8548 0.4993
vn -0.4045 -0.7053 0.5822
vn 0.9657 -0.2503 0.0693
vn 0.8351 -0.4154 0.3605
vn 0.9885 -0.1415 0.0533
vn 0.9356 -0.3005 0.1852
vn 0.9895 -0.1310 0.0608
vn 0.9842 -0.1669 0.0596
vn 0.8798 -0.4447 0.1681
vn 0.8657 -0.4734 -0.1627
vn 0.5529 -0.8247 0.1190
vn 0.3513 -0.8528 0.3865
vn 0.1409 -0.8974 0.4182
vn 0.1411 -0.7281 0.6708
vn 0.5412 -0.6253 0.5622
vn -0.9793 0.2023 0.0036
vn -0.8658 0.4930 -0.0855
vn -0.8365 0.5426 0.0760
vn -0.8505 0.4859 0.2011
vn -0.4787 0.8561 -0.1948
vn -0.4882 0.8728 -0.0020
vn -0.4882 0.8728 0.0016
vn -0.4790 0.8560 0.1944
vn -0.8561 0.4788 -0.1944
vn 0.6011 -0.6988 0.3876
vn 0.1755 -0.7033 0.6889
vn 0.1717 -0.9084 0.3812
vn -0.0110 -0.9081 -0.4186
vn -0.0312 -0.9065 -0.4211
vn 0.4710 -0.5411 -0.6967
vn 0.5122 -0.8006 -0.3110
vn -0.4774 -0.8785 0.0149
vn -0.4449 -0.8946 0.0427
vn -0.7141 -0.5244 -0.4638
vn -0.3220 -0.8079 -0.4936
vn -0.1231 -0.8519 -0.5091
vn -0.3698 -0.7045 0.6058
vn -0.3043 -0.9468 0.1050
vn -0.5502 -0.8142 0.1853
vn -0.0013 -1.0000 -0.0035
vn 0.5719 0.8203 -0.0005
vn -0.8142 -0.5806 -0.0006
vn 1.0000 0.0009 -0.0017
vn 0.9993 0.0012 -0.0381
vn 0.5806 -0.8142 -0.0006
vn -0.8203 0.5719 -0.0005
vn 1.0000 0.0014 -0.0023
vn 0.9987 0.0010 0.0504
vn -1.0000 0.0007 -0.0000
vn -0.0012 0.9991 -0.0416
vn -0.0007 1.0000 -0.0036
vn -0.9637 -0.2670 -0.0000
vn 0.9575 -0.2881 -0.0144
vn -0.0205 -0.3578 -0.9336
vt 0.387664 0.512664
vt 0.612336 0.512664
vt 0.612336 0.737336
vt 0.387664 0.737336
vt 0.199723 0.000000
vt -0.137284 0.000000
vt 0.000000 0.000000
vt 0.387664 0.012664
vt 0.612336 0.012664
vt 0.612336 0.237336
vt 0.387664 0.237336
vt 0.610073 0.487336
vt 0.389927 0.487336
vt 0.389927 0.487336
vt 0.103365 0.095969
vt 0.345195 0.392470
vt 0.315572 0.408304
vt 0.089104 0.082553
vt 0.392470 0.345195
vt 0.371161 0.371161
vt 0.968750 0.500000
vt 0.968750 0.994946
vt 0.937500 0.994946
vt 0.937500 0.500000
vt 0.371161 0.371161
vt 0.408304 0.315572
vt 0.418055 0.283428
vt 0.421347 0.250000
vt 0.418055 0.216572
vt 0.421347 0.250000
vt 0.408304 0.184428
vt 0.392470 0.154805
vt 0.371161 0.128839
vt 0.345195 0.107530
vt 0.345195 0.107530
vt 0.315572 0.091696
vt 0.283428 0.081945
vt 0.250000 0.078653
vt 0.216572 0.081945
vt 0.184428 0.091696
vt 0.184428 0.091696
vt 0.154805 0.107530
vt 0.128839 0.128839
vt 0.107530 0.154805
vt 0.091696 0.184428
vt 0.091696 0.184428
vt 0.081945 0.216572
vt 0.078653 0.250000
vt 0.081945 0.283428
vt 0.091696 0.315572
vt 0.107530 0.345195
vt 0.128839 0.371161
vt 0.154805 0.392470
vt 0.184428 0.408304
vt 0.154805 0.392470
vt 0.216572 0.418055
vt 0.184428 0.408304
vt 0.216572 0.418055
vt 0.283428 0.418055
vt 1.000000 0.500000
vt 1.000000 0.994946
vt 0.968750 0.994946
vt 0.031250 0.500000
vt 0.031250 0.994946
vt 0.000000 0.994946
vt 0.000000 0.500000
vt 0.906250 0.500000
vt 0.906250 0.994946
vt 0.875000 0.994946
vt 0.875000 0.500000
vt 0.843750 0.994946
vt 0.843750 0.500000
vt 0.812500 0.994946
vt 0.812500 0.500000
vt 0.781250 0.994946
vt 0.781250 0.500000
vt 0.750000 0.994946
vt 0.750000 0.500000
vt 0.718750 0.994946
vt 0.718750 0.500000
vt 0.687500 0.994946
vt 0.687500 0.500000
vt 0.656250 0.994946
vt 0.656250 0.500000
vt 0.625000 0.994946
vt 0.625000 0.500000
vt 0.593750 0.994946
vt 0.593750 0.500000
vt 0.562500 0.994946
vt 0.562500 0.500000
vt 0.531250 0.994946
vt 0.531250 0.500000
vt 0.500000 0.994946
vt 0.500000 0.500000
vt 0.468750 0.994946
vt 0.468750 0.500000
vt 0.437500 0.994946
vt 0.437500 0.500000
vt 0.406250 0.994946
vt 0.406250 0.500000
vt 0.375000 0.994946
vt 0.375000 0.500000
vt 0.343750 0.994946
vt 0.343750 0.500000
vt 0.312500 0.994946
vt 0.312500 0.500000
vt 0.281250 0.994946
vt 0.281250 0.500000
vt 0.250000 0.994946
vt 0.250000 0.500000
vt 0.218750 0.994946
vt 0.218750 0.500000
vt 0.187500 0.994946
vt 0.187500 0.500000
vt 0.156250 0.994946
vt 0.156250 0.500000
vt 0.125000 0.994946
vt 0.125000 0.500000
vt 0.093750 0.994946
vt 0.093750 0.500000
vt 0.062500 0.994946
vt 0.062500 0.500000
vt 0.316987 0.088280
vt 0.284150 0.078319
vt 0.296298 0.017246
vt 0.340816 0.030751
vt 0.283428 0.418055
vt 0.215850 0.421681
vt 0.250000 0.425045
vt 0.250000 0.487314
vt 0.203702 0.482754
vt 0.128839 0.128839
vt 0.154805 0.107530
vt 0.408304 0.315572
vt 0.392470 0.345195
vt 0.091696 0.184428
vt 0.081945 0.283428
vt 0.091696 0.315572
vt 0.345195 0.107530
vt 0.315572 0.091696
vt 0.126225 0.373775
vt 0.152750 0.395544
vt 0.118155 0.447319
vt 0.082194 0.417806
vt 0.284150 0.078319
vt 0.250000 0.074955
vt 0.250000 0.012686
vt 0.296298 0.017246
vt 0.316987 0.411720
vt 0.347250 0.395544
vt 0.381845 0.447319
vt 0.340816 0.469249
vt 0.152750 0.395544
vt 0.183013 0.411720
vt 0.159184 0.469249
vt 0.118155 0.447319
vt 0.250000 0.074955
vt 0.215850 0.078319
vt 0.203702 0.017246
vt 0.250000 0.012686
vt 0.347250 0.395544
vt 0.373775 0.373775
vt 0.417806 0.417806
vt 0.381844 0.447319
vt 0.183013 0.411720
vt 0.215850 0.078319
vt 0.183013 0.088280
vt 0.159184 0.030751
vt 0.203702 0.017246
vt 0.373775 0.373775
vt 0.395544 0.347250
vt 0.447319 0.381844
vt 0.250000 0.421347
vt 0.183013 0.088280
vt 0.152750 0.104456
vt 0.118156 0.052681
vt 0.159184 0.030751
vt 0.411720 0.316987
vt 0.469249 0.340816
vt 0.447319 0.381845
vt 0.152750 0.104456
vt 0.126225 0.126225
vt 0.082194 0.082194
vt 0.118155 0.052681
vt 0.411720 0.316987
vt 0.421681 0.284149
vt 0.482754 0.296298
vt 0.469249 0.340816
vt 0.126225 0.126225
vt 0.104455 0.152750
vt 0.052681 0.118155
vt 0.082194 0.082194
vt 0.425045 0.250000
vt 0.487314 0.250000
vt 0.482754 0.296298
vt 0.104456 0.152750
vt 0.088280 0.183013
vt 0.030751 0.159184
vt 0.052681 0.118156
vt 0.421681 0.215850
vt 0.482754 0.203702
vt 0.487314 0.250000
vt 0.088280 0.183013
vt 0.078319 0.215850
vt 0.017246 0.203702
vt 0.030751 0.159184
vt 0.421681 0.215850
vt 0.411720 0.183013
vt 0.469249 0.159184
vt 0.078319 0.215850
vt 0.074955 0.250000
vt 0.012686 0.250000
vt 0.017246 0.203702
vt 0.411720 0.183013
vt 0.395544 0.152750
vt 0.447319 0.118155
vt 0.469249 0.159184
vt 0.074955 0.250000
vt 0.078319 0.284149
vt 0.017246 0.296298
vt 0.012686 0.250000
vt 0.395544 0.152750
vt 0.373775 0.126225
vt 0.417806 0.082194
vt 0.447319 0.118156
vt 0.078319 0.284150
vt 0.088280 0.316987
vt 0.030751 0.340816
vt 0.017246 0.296298
vt 0.373775 0.126225
vt 0.347250 0.104455
vt 0.381844 0.052681
vt 0.417806 0.082194
vt 0.088280 0.316987
vt 0.104455 0.347250
vt 0.052681 0.381845
vt 0.030751 0.340816
vt 0.347250 0.104456
vt 0.316987 0.088280
vt 0.340816 0.030751
vt 0.381845 0.052681
vt 0.284149 0.421681
vt 0.316987 0.411720
vt 0.340816 0.469249
vt 0.296298 0.482754
vt 0.082194 0.417806
vt 0.052681 0.381844
vt 0.216572 0.081945
vt 0.216572 0.418055
vt 0.392470 0.345195
vt 0.418055 0.216572
vt 0.081945 0.216572
vt 0.078653 0.250000
vt 0.315572 0.091696
vt 0.283428 0.418055
vt 0.107530 0.345195
vt 0.345195 0.392470
vt 0.154805 0.392470
vt 0.250000 0.078653
vt 0.345195 0.392470
vt 0.154805 0.392470
vt 0.250000 0.078653
vt 0.216572 0.081945
vt 0.315572 0.408304
vt 0.091696 0.184428
vt 0.418055 0.216572
vt 0.081945 0.216572
vt 0.408304 0.184428
vt 0.081945 0.283428
vt 0.283428 0.081945
vt 0.216572 0.418055
vt 0.184428 0.408304
vt 0.216572 0.081945
vt 0.184428 0.091696
vt 0.184428 0.091696
vt 0.408304 0.315572
vt 0.274627 0.373807
vt 0.298307 0.366624
vt 0.320131 0.354959
vt 0.339260 0.339260
vt 0.354959 0.320131
vt 0.366624 0.298307
vt 0.373807 0.274627
vt 0.376233 0.250000
vt 0.373807 0.225373
vt 0.366624 0.201693
vt 0.354959 0.179869
vt 0.339260 0.160740
vt 0.320131 0.145041
vt 0.298307 0.133376
vt 0.274627 0.126193
vt 0.250000 0.123767
vt 0.225373 0.126193
vt 0.201693 0.133376
vt 0.179869 0.145041
vt 0.160740 0.160740
vt 0.145041 0.179869
vt 0.133376 0.201693
vt 0.126193 0.225373
vt 0.123767 0.250000
vt 0.126193 0.274627
vt 0.133376 0.298307
vt 0.145041 0.320131
vt 0.160740 0.339260
vt 0.179869 0.354958
vt 0.201693 0.366624
vt 0.225373 0.373807
vt 0.250000 0.376232
vt 0.284957 0.569913
vt -0.052050 -0.104100
vt 0.192474 0.128316
vt -0.144533 -0.096355
vt 0.695849 1.113579
vt 0.296422 0.290284
vt 0.305708 0.284557
vt 0.305446 0.284719
vt 0.278000 0.370666
vt -0.059007 -0.078676
vt 0.116614 0.234546
vt 0.091500 0.084807
vt 0.612336 0.987336
vt 0.618493 0.987336
vt 0.618164 1.000000
vt 0.612336 1.000000
vt 0.625000 0.987336
vt 0.625000 1.000000
vt 0.862336 0.737336
vt 0.875000 0.737336
vt 0.875000 0.743164
vt 0.862336 0.750000
vt 0.625000 0.012664
vt 0.618493 0.012664
vt 0.618164 0.006836
vt 0.625000 0.006836
vt 0.612336 0.006507
vt 0.612336 0.000000
vt 0.618164 0.000000
vt 0.862336 0.512664
vt 0.862336 0.500000
vt 0.875000 0.506836
vt 0.875000 0.512664
vt 0.625000 0.262664
vt 0.618493 0.262664
vt 0.618164 0.256836
vt 0.625000 0.250000
vt 0.614312 0.260507
vt 0.385688 0.260507
vt 0.387664 0.256507
vt 0.612336 0.256507
vt 0.612336 0.243493
vt 0.618164 0.243164
vt 0.618493 0.237336
vt 0.625000 0.237336
vt 0.625000 0.243164
vt 0.618164 0.246303
vt 0.637664 0.737336
vt 0.637664 0.750000
vt 0.631836 0.750000
vt 0.631507 0.737336
vt 0.625000 0.762664
vt 0.618493 0.762664
vt 0.618164 0.756836
vt 0.625000 0.756836
vt 0.612336 0.762664
vt 0.612336 0.756507
vt 0.612336 0.743493
vt 0.618164 0.743164
vt 0.618493 0.737336
vt 0.618164 0.753697
vt 0.637664 0.512664
vt 0.631507 0.512664
vt 0.631836 0.500000
vt 0.637664 0.500000
vt 0.618493 0.512664
vt 0.618164 0.506836
vt 0.612336 0.506507
vt 0.612336 0.493493
vt 0.618164 0.493164
vt 0.610073 0.487336
vt 0.389927 0.487336
vt 0.389927 0.487336
vt 0.610073 0.487336
vt 0.618493 0.487336
vt 0.625000 0.487336
vt 0.625000 0.493164
vt 0.618164 0.496303
vt 0.387664 0.243493
vt 0.381836 0.243164
vt 0.381507 0.237336
vt 0.381836 0.256836
vt 0.381507 0.487336
vt 0.381507 0.262664
vt 0.385507 0.260688
vt 0.385507 0.489312
vt 0.375000 0.262664
vt 0.375000 0.250000
vt 0.018997 0.000000
vt 0.010254 0.000000
vt -0.156281 0.000000
vt 0.375000 0.237336
vt 0.375000 0.243164
vt 0.381836 0.246303
vt 0.018997 0.037993
vt -0.039707 -0.079413
vt -0.071047 -0.142094
vt 0.375000 0.987336
vt 0.381601 0.987336
vt 0.382078 1.000000
vt 0.375000 1.000000
vt 0.387664 0.987336
vt 0.387664 1.000000
vt 0.387664 0.000000
vt 0.387664 0.006601
vt 0.382078 0.007078
vt 0.382078 0.000000
vt 0.381601 0.012664
vt 0.375000 0.012664
vt 0.375000 0.007078
vt 0.389927 0.262664
vt 0.610073 0.262664
vt 0.389927 0.262664
vt 0.387664 0.493493
vt 0.387664 0.506507
vt 0.381836 0.506836
vt 0.381836 0.493164
vt 0.381507 0.512664
vt 0.375000 0.512664
vt 0.018997 0.012664
vt 0.010254 0.006836
vt -0.163529 -0.109019
vt 0.375000 0.487336
vt 0.375000 0.493164
vt 0.381836 0.496303
vt 0.387664 0.743493
vt 0.381836 0.743164
vt 0.381507 0.737336
vt 0.387664 0.756507
vt 0.381836 0.756836
vt 0.387664 0.762664
vt 0.381507 0.762664
vt 0.375000 0.762664
vt 0.375000 0.756836
vt 0.018997 0.025329
vt -0.042106 -0.056142
vt -0.078004 -0.104005
vt 0.375000 0.737336
vt 0.375000 0.750000
vt 0.381836 0.753697
vt 0.356003 0.000000
vt 0.612336 0.264927
vt 0.612336 0.485073
vt 0.612336 0.485073
vt 0.612336 0.264927
vt 0.356003 0.237336
vt 0.387664 0.485073
vt 0.387664 0.264927
vt 0.387664 0.264927
vt 0.614316 0.260684
vt 0.614316 0.489316
vt 0.356003 0.474671
vt 0.356003 0.712007
vt 0.999825 1.000000
vt 0.968925 1.000000
vt 0.968575 1.000000
vt 0.937675 1.000000
vt 0.937325 1.000000
vt 0.906425 1.000000
vt 0.906075 1.000000
vt 0.875175 1.000000
vt 0.874825 1.000000
vt 0.843925 1.000000
vt 0.843575 1.000000
vt 0.812675 1.000000
vt 0.812325 1.000000
vt 0.781425 1.000000
vt 0.781075 1.000000
vt 0.750175 1.000000
vt 0.749825 1.000000
vt 0.718925 1.000000
vt 0.718575 1.000000
vt 0.687675 1.000000
vt 0.687325 1.000000
vt 0.656425 1.000000
vt 0.656075 1.000000
vt 0.625175 1.000000
vt 0.624825 1.000000
vt 0.593925 1.000000
vt 0.593575 1.000000
vt 0.562675 1.000000
vt 0.562325 1.000000
vt 0.531425 1.000000
vt 0.531075 1.000000
vt 0.500175 1.000000
vt 0.499825 1.000000
vt 0.468925 1.000000
vt 0.468575 1.000000
vt 0.437675 1.000000
vt 0.437325 1.000000
vt 0.406425 1.000000
vt 0.406075 1.000000
vt 0.375175 1.000000
vt 0.374825 1.000000
vt 0.343925 1.000000
vt 0.343575 1.000000
vt 0.312675 1.000000
vt 0.312325 1.000000
vt 0.281425 1.000000
vt 0.281075 1.000000
vt 0.250175 1.000000
vt 0.249825 1.000000
vt 0.218925 1.000000
vt 0.218575 1.000000
vt 0.187675 1.000000
vt 0.187325 1.000000
vt 0.156425 1.000000
vt 0.156075 1.000000
vt 0.125175 1.000000
vt 0.124825 1.000000
vt 0.093925 1.000000
vt 0.093575 1.000000
vt 0.062675 1.000000
vt 0.062325 1.000000
vt 0.031425 1.000000
vt 0.031075 1.000000
vt 0.000175 1.000000
vt 0.284149 0.421681
vt 0.296298 0.482754
vt 0.250000 0.487314
vt 0.839438 0.714438
vt 0.839438 0.535562
vt 0.660562 0.535562
vt 0.660562 0.714438
vt 0.758802 0.670049
vt 0.741198 0.670049
vt 0.679320 0.554320
vt 0.704951 0.616198
vt 0.704951 0.633802
vt 0.679320 0.695680
vt 0.704951 0.633802
vt 0.704951 0.616198
vt 0.741198 0.579951
vt 0.758802 0.579951
vt 0.758802 0.579951
vt 0.741198 0.579951
vt 0.820680 0.695680
vt 0.795049 0.633802
vt 0.795049 0.616198
vt 0.820680 0.554320
vt 0.679320 0.554320
vt 0.772356 0.670049
vt 0.783758 0.670049
vt 0.791781 0.670049
vt 0.795049 0.670049
vt 0.795049 0.616198
vt 0.795049 0.602644
vt 0.795049 0.591242
vt 0.795049 0.583219
vt 0.795049 0.579951
vt 0.704951 0.647356
vt 0.704951 0.658758
vt 0.704951 0.666781
vt 0.704951 0.670049
vt 0.727644 0.579951
vt 0.716242 0.579951
vt 0.708219 0.579951
vt 0.704951 0.579951
vt 0.727644 0.579951
vt 0.704951 0.602644
vt 0.727644 0.670049
vt 0.795049 0.647356
vt 0.795049 0.647356
vt 0.795049 0.633802
vt 0.772356 0.579951
vt 0.772356 0.579951
vt 0.771425 0.631432
vt 0.770194 0.638113
vt 0.767395 0.642395
vt 0.763113 0.645194
vt 0.756432 0.603574
vt 0.763113 0.604806
vt 0.767395 0.607605
vt 0.770194 0.611887
vt 0.728574 0.618568
vt 0.729806 0.611887
vt 0.732605 0.607605
vt 0.736887 0.604806
vt 0.743568 0.646426
vt 0.736887 0.645194
vt 0.732605 0.642395
vt 0.729806 0.638113
vt 0.771426 0.618568
vt 0.756432 0.646425
vt 0.743568 0.603574
vt 0.728574 0.631432
vt 0.612336 0.264927
vt 0.389927 0.264927
vt 0.610073 0.264927
vt 0.610073 0.485073
vt 0.389927 0.485073
vt 0.387664 0.485073
vt 0.612336 0.264927
vt 0.612336 0.485073
vt 0.612336 0.485073
vt 0.389927 0.262664
vt 0.610073 0.262664
vt 0.389927 0.262664
vt 0.387664 0.262664
vt 0.387664 0.262664
vt 0.387664 0.262664
vt 0.387664 0.265197
vt 0.387664 0.484803
vt 0.387664 0.483307
vt 0.387664 0.266693
vt 0.385684 0.260684
vt 0.385688 0.489493
vt 0.614312 0.489493
vt 0.610073 0.262664
vt 0.385684 0.489316
vt 0.387664 0.484803
vt 0.387664 0.265197
vt 0.387664 0.483307
vt 0.387664 0.487336
vt 0.387664 0.487336
vt 0.387664 0.487336
vt 0.387664 0.477757
vt 0.387664 0.435195
vt 0.387664 0.477757
vt 0.387664 0.413489
vt 0.387664 0.426319
vt 0.387664 0.323681
vt 0.387664 0.336511
vt 0.387664 0.482364
vt 0.387664 0.419827
vt 0.387664 0.431593
vt 0.387664 0.482177
vt 0.387664 0.372495
vt 0.387664 0.396471
vt 0.387664 0.413489
vt 0.387664 0.400659
vt 0.387664 0.431688
vt 0.387664 0.483300
vt 0.387664 0.267068
vt 0.387664 0.318231
vt 0.387664 0.318392
vt 0.387664 0.387830
vt 0.387664 0.375000
vt 0.387664 0.362170
vt 0.387664 0.349340
vt 0.387664 0.336511
vt 0.387664 0.323681
vt 0.387664 0.269676
vt 0.387664 0.317832
vt 0.387664 0.318023
vt 0.387664 0.323681
vt 0.387664 0.269676
vt 0.387664 0.317955
vt 0.387664 0.317767
vt 0.387664 0.267586
vt 0.387664 0.341883
vt 0.387664 0.330173
vt 0.387664 0.267636
vt 0.387664 0.330173
vt 0.387664 0.318406
vt 0.387664 0.482932
vt 0.387664 0.431842
vt 0.387664 0.431688
vt 0.387664 0.482185
vt 0.387664 0.432045
vt 0.387664 0.431842
vt 0.387664 0.480324
vt 0.387664 0.432233
vt 0.387664 0.480324
vt 0.387664 0.432233
vt 0.387664 0.482346
vt 0.387664 0.408117
vt 0.387664 0.482882
vt 0.387664 0.375000
vt 0.387664 0.267118
vt 0.387664 0.426319
vt 0.387664 0.482177
vt 0.387664 0.396471
vt 0.387664 0.377131
vt 0.387664 0.267118
vt 0.387664 0.369081
vt 0.387664 0.482882
vt 0.387664 0.431688
vt 0.387664 0.431842
vt 0.387664 0.482932
vt 0.387664 0.267815
vt 0.387664 0.318158
vt 0.387664 0.318406
vt 0.387664 0.318312
vt 0.387664 0.266700
vt 0.387664 0.267815
vt 0.387664 0.318023
vt 0.387664 0.318231
vt 0.387664 0.267654
vt 0.387664 0.353529
vt 0.387664 0.483300
vt 0.387664 0.431593
vt 0.387664 0.272243
vt 0.387664 0.314854
vt 0.387664 0.266700
vt 0.387664 0.318499
vt 0.387664 0.267687
vt 0.387664 0.342079
vt 0.387664 0.358687
vt 0.387664 0.367923
vt 0.387664 0.482414
vt 0.387664 0.408117
vt 0.387664 0.267823
vt 0.387664 0.372869
vt 0.387664 0.482346
vt 0.387664 0.408117
vt 0.387664 0.419827
vt 0.387664 0.482364
vt 0.387664 0.419827
vt 0.387664 0.408117
vt 0.387664 0.482414
vt 0.387664 0.330306
vt 0.387664 0.267636
vt 0.387664 0.267069
vt 0.387664 0.482185
vt 0.387664 0.432045
vt 0.387664 0.330306
vt 0.387664 0.267586
vt 0.387664 0.426263
vt 0.387664 0.428940
vt 0.387664 0.428988
vt 0.387664 0.416639
vt 0.387664 0.413604
vt 0.387664 0.323736
vt 0.387664 0.321106
vt 0.387664 0.321053
vt 0.387664 0.426263
vt 0.387664 0.428940
vt 0.387664 0.416639
vt 0.387664 0.426319
vt 0.387664 0.429258
vt 0.387664 0.429165
vt 0.387664 0.375000
vt 0.387664 0.357876
vt 0.387664 0.361454
vt 0.387664 0.320758
vt 0.387664 0.320835
vt 0.387664 0.374405
vt 0.387664 0.362208
vt 0.387664 0.372612
vt 0.387664 0.360358
vt 0.387664 0.429064
vt 0.387664 0.404366
vt 0.387664 0.392124
vt 0.387664 0.401080
vt 0.387664 0.388546
vt 0.387664 0.320973
vt 0.387664 0.320869
vt 0.387664 0.401080
vt 0.387664 0.388546
vt 0.387664 0.404366
vt 0.387664 0.392124
vt 0.387664 0.429064
vt 0.387664 0.428987
vt 0.387664 0.345634
vt 0.387664 0.333361
vt 0.387664 0.348920
vt 0.387664 0.336396
vt 0.387664 0.320936
vt 0.387664 0.321012
vt 0.387664 0.348931
vt 0.387664 0.336399
vt 0.387664 0.345732
vt 0.387664 0.333427
vt 0.387664 0.321060
vt 0.387664 0.323737
vt 0.611398 0.262664
vt 0.611900 0.262664
vt 0.611190 0.262664
vt 0.612987 0.261659
vt 0.612515 0.262393
vt 0.614493 0.260688
vt 0.613342 0.262048
vt 0.612336 0.263602
vt 0.612336 0.263100
vt 0.612336 0.263810
vt 0.612336 0.486398
vt 0.612336 0.486900
vt 0.612336 0.486190
vt 0.613341 0.487987
vt 0.612607 0.487515
vt 0.612952 0.488342
vt 0.611398 0.487336
vt 0.611900 0.487336
vt 0.611190 0.487336
vt 0.388810 0.262664
vt 0.388100 0.262664
vt 0.388602 0.262664
vt 0.387664 0.263810
vt 0.387664 0.263100
vt 0.387664 0.263602
vt 0.386659 0.262013
vt 0.387393 0.262485
vt 0.387048 0.261658
vt 0.387664 0.486190
vt 0.387664 0.486900
vt 0.387664 0.486398
vt 0.388810 0.487336
vt 0.388100 0.487336
vt 0.388602 0.487336
vt 0.387013 0.488341
vt 0.387485 0.487607
vt 0.386658 0.487952
vt 0.611210 0.262664
vt 0.612336 0.263790
vt 0.611165 0.262664
vt 0.612336 0.264927
vt 0.612336 0.263835
vt 0.610073 0.263790
vt 0.611165 0.263835
vt 0.611210 0.264927
vt 0.389927 0.262664
vt 0.389927 0.263790
vt 0.388835 0.262664
vt 0.388790 0.264927
vt 0.388835 0.263835
vt 0.387664 0.264927
vt 0.387664 0.263835
vt 0.387664 0.263790
vt 0.388790 0.262664
vt 0.387664 0.485073
vt 0.388835 0.486165
vt 0.387664 0.486165
vt 0.388835 0.487336
vt 0.388790 0.487336
vt 0.387664 0.486210
vt 0.612336 0.486210
vt 0.611210 0.487336
vt 0.612336 0.486165
vt 0.610073 0.487336
vt 0.611165 0.487336
vt 0.610073 0.486210
vt 0.611165 0.486165
vt 0.611210 0.485073
vt 0.389927 0.487336
vt 0.388583 0.487336
vt 0.388445 0.487336
vt 0.388508 0.487336
vt 0.387664 0.487336
vt 0.387664 0.486054
vt 0.387664 0.486059
vt 0.387664 0.484761
vt 0.387664 0.484849
vt 0.387664 0.486114
vt 0.387664 0.486190
vt 0.388810 0.487336
vt 0.611190 0.487336
vt 0.612336 0.486210
vt 0.612336 0.486245
vt 0.611245 0.487336
vt 0.612336 0.486190
vt 0.611210 0.487336
vt 0.611245 0.487336
vt 0.612336 0.486245
vt 0.611190 0.262664
vt 0.612336 0.263790
vt 0.612336 0.263755
vt 0.611245 0.262664
vt 0.612336 0.263810
vt 0.611210 0.262664
vt 0.611245 0.262664
vt 0.612336 0.263755
vt 0.388810 0.262664
vt 0.388584 0.262664
vt 0.387664 0.263810
vt 0.387664 0.265151
vt 0.387664 0.263886
vt 0.387664 0.265239
vt 0.387664 0.263941
vt 0.387664 0.263946
vt 0.387664 0.262664
vt 0.388508 0.262664
vt 0.388445 0.262664
vt 0.389927 0.262664
vt 0.612336 0.486190
vt 0.612336 0.486245
vt 0.611190 0.487336
vt 0.612336 0.486210
vt 0.612336 0.486245
vt 0.611245 0.487336
vt 0.387664 0.263810
vt 0.387664 0.265151
vt 0.388810 0.262664
vt 0.388583 0.262664
vt 0.388445 0.262664
vt 0.388508 0.262664
vt 0.387664 0.262664
vt 0.387664 0.263946
vt 0.387664 0.263941
vt 0.387664 0.265239
vt 0.387664 0.487336
vt 0.387664 0.487336
vt 0.388445 0.487336
vt 0.388583 0.487336
vt 0.388810 0.487336
vt 0.387664 0.484849
vt 0.387664 0.486114
vt 0.387664 0.484761
vt 0.387664 0.486054
vt 0.612336 0.263810
vt 0.611210 0.262664
vt 0.611245 0.262664
vt 0.612336 0.263755
vt 0.612336 0.263790
vt 0.611245 0.262664
vt 0.387664 0.487336
vt 0.387664 0.485441
vt 0.387664 0.485347
vt 0.387664 0.482998
vt 0.387664 0.483017
vt 0.387664 0.486550
vt 0.387664 0.485302
vt 0.387664 0.483218
vt 0.387664 0.483391
vt 0.387664 0.485321
vt 0.387664 0.485418
vt 0.387664 0.485350
vt 0.387664 0.485253
vt 0.387664 0.267143
vt 0.387664 0.266998
vt 0.387664 0.266609
vt 0.387664 0.264650
vt 0.387664 0.264582
vt 0.387664 0.271520
vt 0.387664 0.266782
vt 0.387664 0.264679
vt 0.387664 0.264747
vt 0.612952 0.261658
vt 0.386658 0.262048
vt 0.613342 0.487952
vt 0.614493 0.489312
vt 0.387048 0.488342
vt 0.388790 0.485073
vt 0.389927 0.486210
vt 0.612336 0.485073
vt 0.610073 0.262664
vt 0.610073 0.262664
vt 0.610073 0.262664
vt 0.610073 0.262664
vt 0.612336 0.485073
vt 0.387664 0.482857
vt 0.387664 0.267143
vt 0.387664 0.482982
vt 0.387664 0.483167
vt 0.387664 0.266609
vt 0.387664 0.264582
s 1
f 163/1/1 130/2/2 120/3/3 174/4/4
f 151/5/5 141/6/6 58/7/7
f 153/8/8 99/9/9 109/10/10 140/11/11
f 900/12/12 918/13/13 849/14/14 867/12/15
f 41/7/16 40/7/16 164/7/17
f 164/15/17 37/16/16 36/17/16
f 164/18/17 39/19/16 38/20/16
f 2/21/18 251/22/19 255/23/20 3/24/21
f 320/16/22 318/17/23 191/17/24 193/16/25
f 322/25/26 320/16/22 193/16/25 195/20/27
f 324/19/28 322/25/26 195/20/27 197/19/29
f 326/26/30 324/19/28 197/19/29 199/26/31
f 328/27/32 326/26/30 199/26/31 201/27/33
f 330/28/34 328/27/32 201/27/33 203/28/35
f 332/29/36 330/28/34 203/30/35 205/29/37
f 334/31/38 332/29/36 205/29/37 207/31/39
f 336/32/40 334/31/38 207/31/39 209/32/41
f 338/33/42 336/32/40 209/32/41 211/33/43
f 340/34/44 338/33/42 211/33/43 213/35/45
f 342/36/46 340/34/44 213/35/45 215/36/47
f 344/37/48 342/36/46 215/36/47 217/37/49
f 346/38/50 344/37/48 217/37/49 219/38/51
f 348/39/52 346/38/50 219/38/51 221/39/53
f 350/40/54 348/39/52 221/39/53 223/41/55
f 352/42/56 350/40/54 223/41/55 225/42/57
f 354/43/58 352/42/56 225/42/57 227/43/59
f 356/44/60 354/43/58 227/43/59 229/44/61
f 358/45/62 356/44/60 229/44/61 231/46/63
f 360/47/64 358/45/62 231/46/63 233/47/65
f 362/48/66 360/47/64 233/47/65 235/48/67
f 364/49/68 362/48/66 235/48/67 237/49/69
f 366/50/70 364/49/68 237/49/69 239/50/71
f 368/51/72 366/50/70 239/50/71 241/51/73
f 370/52/74 368/51/72 241/51/73 243/52/75
f 372/53/76 370/52/74 243/52/75 245/53/77
f 374/54/78 372/55/76 245/53/77 247/54/79
f 376/56/80 374/57/78 247/54/79 249/58/81
f 538/38/82 536/37/83 49/37/83 50/38/82
f 318/17/23 316/59/84 187/59/85 191/17/24
f 1/60/86 252/61/87 251/62/19 2/21/18
f 32/63/88 313/64/89 252/65/87 1/66/86
f 4/67/90 257/68/91 259/69/92 5/70/93
f 5/70/93 259/69/92 261/71/94 6/72/95
f 6/72/95 261/71/94 263/73/96 7/74/97
f 7/74/97 263/73/96 265/75/98 8/76/99
f 8/76/99 265/75/98 267/77/100 9/78/101
f 9/78/101 267/77/100 269/79/102 10/80/103
f 10/80/103 269/79/102 271/81/104 11/82/105
f 11/82/105 271/81/104 273/83/106 12/84/107
f 12/84/107 273/83/106 275/85/108 13/86/109
f 13/86/109 275/85/108 277/87/110 14/88/111
f 14/88/111 277/87/110 279/89/112 15/90/113
f 15/90/113 279/89/112 281/91/114 16/92/83
f 16/92/83 281/91/114 283/93/115 17/94/82
f 17/94/82 283/93/115 285/95/116 18/96/117
f 18/96/117 285/95/116 287/97/118 19/98/119
f 19/98/119 287/97/118 289/99/120 20/100/121
f 20/100/121 289/99/120 291/101/122 21/102/123
f 21/102/123 291/101/122 293/103/124 22/104/125
f 22/104/125 293/103/124 295/105/126 23/106/127
f 23/106/127 295/105/126 297/107/128 24/108/129
f 24/108/129 297/107/128 299/109/130 25/110/131
f 25/110/131 299/109/130 301/111/132 26/112/133
f 26/112/133 301/111/132 303/113/134 27/114/135
f 27/114/135 303/113/134 305/115/136 28/116/137
f 28/116/137 305/115/136 307/117/138 29/118/139
f 29/118/139 307/117/138 309/119/140 30/120/141
f 30/120/141 309/119/140 311/121/142 31/122/143
f 31/122/143 311/121/142 313/64/89 32/63/88
f 3/24/21 255/23/20 257/68/91 4/67/90
f 544/42/121 542/41/119 52/41/119 53/42/121
f 566/54/143 564/53/141 63/53/141 64/54/143
f 540/39/117 538/38/82 50/38/82 51/39/117
f 568/58/88 566/54/143 64/54/143 65/58/88
f 343/123/144 345/124/145 280/125/146 278/126/147
f 510/17/21 506/127/18 34/59/18 36/17/21
f 542/41/119 540/39/117 51/39/117 52/41/119
f 377/128/148 314/129/149 253/130/150 312/131/151
f 546/132/123 544/133/121 53/42/121 54/43/123
f 520/27/99 518/134/97 40/26/97 41/27/99
f 548/44/125 546/132/123 54/43/123 55/44/125
f 522/28/101 520/27/99 41/27/99 42/28/101
f 550/46/127 548/44/125 55/44/125 56/46/127
f 524/29/103 522/28/101 42/28/101 43/29/103
f 518/26/97 516/135/95 39/19/95 40/26/97
f 552/47/129 550/136/127 56/46/127 57/47/129
f 526/31/105 524/29/103 43/29/103 44/31/105
f 554/48/131 552/47/129 57/47/129 58/48/131
f 528/32/107 526/31/105 44/31/105 45/32/107
f 556/49/133 554/48/131 58/48/131 59/49/133
f 530/33/109 528/32/107 45/32/107 46/33/109
f 558/50/135 556/137/133 59/49/133 60/50/135
f 532/35/111 530/33/109 46/33/109 47/35/111
f 560/51/137 558/138/135 60/50/135 61/51/137
f 534/36/113 532/139/111 47/35/111 48/36/113
f 562/52/139 560/51/137 61/51/137 62/52/139
f 536/37/83 534/140/113 48/36/113 49/37/83
f 564/53/141 562/52/139 62/52/139 63/53/141
f 516/19/95 514/20/93 38/20/93 39/19/95
f 371/141/152 373/142/153 308/143/154 306/144/155
f 345/145/145 347/146/156 282/147/157 280/148/146
f 319/149/158 321/150/159 256/151/160 254/152/161
f 373/153/153 375/154/162 310/155/163 308/156/154
f 347/157/156 349/158/164 284/159/165 282/160/157
f 321/161/159 323/162/166 258/163/167 256/164/160
f 375/165/162 377/128/148 312/131/151 310/155/163
f 349/166/164 351/167/168 286/168/169 284/169/165
f 323/170/166 325/171/170 260/172/171 258/163/167
f 316/59/84 315/173/172 188/173/173 187/59/85
f 351/174/168 353/175/174 288/176/175 286/177/169
f 325/171/170 327/178/176 262/179/177 260/180/171
f 353/181/174 355/182/178 290/183/179 288/184/175
f 327/185/176 329/186/180 264/187/181 262/188/177
f 355/189/178 357/190/182 292/191/183 290/192/179
f 329/186/180 331/193/184 266/194/185 264/195/181
f 357/196/182 359/197/186 294/198/187 292/199/183
f 331/193/184 333/200/188 268/201/189 266/202/185
f 359/203/186 361/204/190 296/205/191 294/206/187
f 333/207/188 335/208/192 270/209/193 268/201/189
f 361/210/190 363/211/194 298/212/195 296/213/191
f 335/214/192 337/215/196 272/216/197 270/217/193
f 363/218/194 365/219/198 300/220/199 298/221/195
f 337/222/196 339/223/200 274/224/201 272/225/197
f 365/226/198 367/227/202 302/228/203 300/229/199
f 339/230/200 341/231/204 276/232/205 274/233/201
f 367/234/202 369/235/206 304/236/207 302/237/203
f 341/238/204 343/239/144 278/240/147 276/241/205
f 317/242/208 319/243/158 254/244/161 250/245/209
f 369/235/206 371/141/152 306/246/155 304/247/207
f 222/41/210 220/39/211 413/248/212 415/41/213
f 86/43/214 87/44/214 55/44/214 54/43/214
f 196/19/215 194/20/216 387/20/217 389/19/218
f 189/173/219 248/249/220 441/249/221 380/173/222
f 224/42/223 222/41/210 415/41/213 417/42/224
f 198/26/225 196/19/215 389/250/218 391/134/226
f 226/43/227 224/42/223 417/42/224 419/43/228
f 200/27/229 198/26/225 391/26/226 393/27/230
f 228/44/231 226/43/227 419/43/228 421/44/232
f 202/28/233 200/27/229 393/27/230 395/28/234
f 230/46/235 228/44/231 421/44/232 423/46/236
f 204/29/237 202/30/233 395/30/234 397/251/238
f 232/47/239 230/46/235 423/46/236 425/47/240
f 206/31/241 204/29/237 397/29/238 399/31/242
f 234/48/243 232/252/239 425/47/240 427/48/244
f 208/32/245 206/31/241 399/31/242 401/32/246
f 236/49/247 234/253/243 427/48/244 429/49/248
f 210/33/249 208/32/245 401/32/246 403/33/250
f 238/50/251 236/49/247 429/49/248 431/50/252
f 212/35/253 210/33/249 403/33/250 405/35/254
f 240/51/255 238/50/251 431/50/252 433/51/256
f 214/36/257 212/34/253 405/35/254 407/254/258
f 190/17/259 186/255/260 379/59/261 383/17/262
f 242/52/263 240/256/255 433/51/256 435/52/264
f 216/37/265 214/36/257 407/36/258 409/37/266
f 514/20/93 512/257/90 37/16/90 38/20/93
f 244/53/267 242/52/263 435/52/264 437/258/268
f 218/38/269 216/37/265 409/37/266 411/259/270
f 192/16/271 190/17/259 383/17/262 385/260/272
f 246/54/273 244/261/267 437/53/268 439/54/274
f 220/39/211 218/262/269 411/38/270 413/263/212
f 194/20/216 192/16/271 385/16/272 387/20/217
f 248/58/220 246/54/273 439/54/274 441/249/221
f 390/26/275 388/19/276 453/19/95 455/26/97
f 381/173/277 440/58/278 505/58/88 444/173/86
f 85/42/214 86/43/214 54/43/214 53/42/214
f 388/19/276 386/20/279 451/20/93 453/19/95
f 440/58/278 438/54/280 503/54/143 505/58/88
f 84/41/214 85/42/214 53/42/214 52/41/214
f 386/20/279 384/16/281 449/16/90 451/20/93
f 438/54/280 436/53/282 501/53/141 503/54/143
f 83/39/214 84/41/214 52/41/214 51/39/214
f 384/16/281 382/17/283 447/17/21 449/16/90
f 436/53/282 434/52/284 499/52/139 501/53/141
f 82/38/214 83/39/214 51/39/214 50/38/214
f 512/16/90 510/264/21 36/17/21 37/16/90
f 434/52/284 432/51/285 497/51/137 499/52/139
f 81/37/214 82/38/214 50/38/214 49/37/214
f 382/17/283 378/59/286 443/59/18 447/17/21
f 432/51/285 430/50/287 495/50/135 497/51/137
f 80/36/214 81/37/214 49/37/214 48/36/214
f 430/50/287 428/49/288 493/49/133 495/50/135
f 79/35/214 80/36/214 48/36/214 47/35/214
f 428/49/288 426/48/289 491/48/131 493/49/133
f 78/33/214 79/35/214 47/35/214 46/33/214
f 426/48/289 424/47/290 489/47/129 491/48/131
f 77/32/214 78/33/214 46/33/214 45/32/214
f 424/47/290 422/46/291 487/265/127 489/47/129
f 76/31/214 77/32/214 45/32/214 44/31/214
f 422/46/291 420/44/292 485/44/125 487/265/127
f 75/29/214 76/31/214 44/31/214 43/29/214
f 420/44/292 418/43/293 483/43/123 485/44/125
f 74/28/214 75/29/214 43/29/214 42/28/214
f 418/43/293 416/42/294 481/42/121 483/43/123
f 486/46/16 484/44/16 549/44/16 551/46/16
f 460/266/16 458/28/16 523/28/16 525/29/16
f 488/47/16 486/265/16 551/46/16 553/267/16
f 462/31/16 460/29/16 525/29/16 527/268/16
f 490/48/16 488/47/16 553/47/16 555/48/16
f 464/32/16 462/31/16 527/31/16 529/32/16
f 492/49/16 490/48/16 555/48/16 557/269/16
f 466/33/16 464/32/16 529/32/16 531/33/16
f 494/50/16 492/49/16 557/49/16 559/50/16
f 468/139/16 466/33/16 531/33/16 533/35/16
f 496/51/16 494/50/16 559/50/16 561/51/16
f 470/36/16 468/139/16 533/35/16 535/36/16
f 446/17/16 442/59/16 507/59/16 511/17/16
f 498/52/16 496/51/16 561/51/16 563/52/16
f 472/37/16 470/36/16 535/36/16 537/270/16
f 509/173/86 568/271/88 65/58/88 35/173/86
f 500/53/16 498/52/16 563/52/16 565/261/16
f 474/38/16 472/37/16 537/37/16 539/38/16
f 448/16/16 446/17/16 511/17/16 513/16/16
f 502/54/16 500/53/16 565/53/16 567/272/16
f 476/39/16 474/259/16 539/38/16 541/273/16
f 450/25/16 448/16/16 513/16/16 515/20/16
f 504/58/16 502/54/16 567/54/16 569/58/16
f 478/274/16 476/39/16 541/39/16 543/41/16
f 452/250/16 450/20/16 515/20/16 517/19/16
f 445/173/16 504/58/16 569/58/16 508/173/16
f 480/42/16 478/41/16 543/275/16 545/42/16
f 454/26/16 452/19/16 517/19/16 519/276/16
f 482/43/16 480/42/16 545/42/16 547/43/16
f 456/27/16 454/26/16 519/26/16 521/27/16
f 484/44/16 482/43/16 547/43/16 549/44/16
f 458/28/16 456/27/16 521/27/16 523/28/16
f 392/27/295 390/26/275 455/26/97 457/27/99
f 87/44/214 88/46/214 56/46/214 55/44/214
f 394/28/296 392/27/295 457/27/99 459/28/101
f 88/46/214 89/47/214 57/47/214 56/46/214
f 396/29/297 394/28/296 459/28/101 461/29/103
f 89/47/214 90/48/214 58/48/214 57/47/214
f 398/31/298 396/29/297 461/29/103 463/31/105
f 90/48/214 91/49/214 59/49/214 58/48/214
f 400/32/299 398/31/298 463/31/105 465/32/107
f 91/49/214 92/50/214 60/50/214 59/49/214
f 402/33/300 400/32/299 465/32/107 467/33/109
f 92/50/214 93/51/214 61/51/214 60/50/214
f 67/173/214 66/59/214 34/59/214 35/173/214
f 404/35/301 402/33/300 467/33/109 469/35/111
f 93/51/214 94/52/214 62/52/214 61/51/214
f 66/59/214 68/17/214 36/17/214 34/59/214
f 406/36/302 404/35/301 469/35/111 471/36/113
f 94/52/214 95/53/214 63/53/214 62/52/214
f 68/17/214 69/16/214 37/16/214 36/17/214
f 408/37/303 406/36/302 471/36/113 473/37/83
f 95/53/214 96/54/214 64/54/214 63/53/214
f 69/16/214 70/20/214 38/20/214 37/16/214
f 410/38/304 408/37/303 473/37/83 475/38/82
f 96/54/214 97/58/214 65/58/214 64/54/214
f 70/20/214 71/19/214 39/19/214 38/20/214
f 412/39/305 410/38/304 475/38/82 477/39/117
f 97/58/214 67/173/214 35/173/214 65/58/214
f 71/19/214 72/26/214 40/26/214 39/19/214
f 414/41/306 412/39/305 477/39/117 479/41/119
f 72/26/214 73/27/214 41/27/214 40/26/214
f 416/42/294 414/41/306 479/41/119 481/42/121
f 73/27/214 74/28/214 42/28/214 41/27/214
f 33/277/214 66/59/214 67/173/214
f 33/278/214 68/17/214 66/59/214
f 33/279/214 69/16/214 68/17/214
f 33/280/214 70/20/214 69/16/214
f 33/281/214 71/19/214 70/20/214
f 33/282/214 72/26/214 71/19/214
f 33/283/214 73/27/214 72/26/214
f 33/284/214 74/28/214 73/27/214
f 33/285/214 75/29/214 74/28/214
f 33/286/214 76/31/214 75/29/214
f 33/287/214 77/32/214 76/31/214
f 33/288/214 78/33/214 77/32/214
f 33/289/214 79/35/214 78/33/214
f 33/290/214 80/36/214 79/35/214
f 33/291/214 81/37/214 80/36/214
f 33/292/214 82/38/214 81/37/214
f 33/293/214 83/39/214 82/38/214
f 33/294/214 84/41/214 83/39/214
f 33/295/214 85/42/214 84/41/214
f 33/296/214 86/43/214 85/42/214
f 33/297/214 87/44/214 86/43/214
f 33/298/214 88/46/214 87/44/214
f 33/299/214 89/47/214 88/46/214
f 33/300/214 90/48/214 89/47/214
f 33/301/214 91/49/214 90/48/214
f 33/302/214 92/50/214 91/49/214
f 33/303/214 93/51/214 92/50/214
f 33/304/214 94/52/214 93/51/214
f 33/305/214 95/53/214 94/52/214
f 33/306/214 96/54/214 95/53/214
f 33/307/214 97/58/214 96/54/214
f 33/308/214 67/173/214 97/58/214
f 164/7/17 38/7/16 37/7/16
f 176/7/307 43/7/16 42/7/16
f 36/7/16 34/7/16 164/7/17
f 176/309/307 151/310/5 50/7/16
f 141/311/6 164/312/17 35/7/308
f 141/313/6 35/7/308 65/58/16
f 141/314/6 65/58/16 64/54/16 63/53/16
f 63/53/16 62/52/16 141/315/6
f 62/52/16 61/51/16 141/316/6
f 61/7/16 60/7/16 141/7/6
f 59/7/16 58/7/7 141/7/6 60/7/16
f 164/317/17 176/318/307 42/7/16
f 151/7/5 58/7/7 57/7/7
f 151/319/5 57/7/7 56/46/16
f 151/7/5 56/7/16 55/7/16
f 151/7/5 55/7/16 54/7/16
f 151/7/5 54/7/16 53/7/16
f 151/7/5 53/7/16 52/7/16
f 151/7/5 52/7/16 51/7/16
f 151/7/5 51/7/16 50/7/16
f 176/7/307 50/7/16 49/7/16
f 176/7/307 49/7/16 48/7/16
f 176/7/307 48/7/16 47/7/16
f 176/7/307 47/7/16 46/7/16
f 176/7/307 46/7/16 45/7/16
f 176/7/307 45/7/16 44/7/16
f 176/7/307 44/7/16 43/7/16
f 40/26/16 39/19/16 164/320/17
f 34/7/16 35/7/308 164/7/17
f 164/7/17 42/7/16 41/7/16
f 98/321/309 100/322/310 102/323/311 101/324/312
f 100/322/310 104/325/313 105/326/314 102/323/311
f 570/327/315 103/328/316 105/329/314 104/330/313
f 103/331/316 107/332/317 108/333/318 105/334/314
f 99/9/9 106/335/319 108/333/318 107/332/317
f 106/335/319 101/336/312 102/337/311 108/333/318
f 102/337/311 105/334/314 108/333/318
f 571/338/320 110/339/321 112/340/322 111/341/323
f 110/342/321 114/343/324 115/344/325 112/345/322
f 782/346/326 807/347/327 146/348/328 113/349/329
f 113/349/329 117/350/330 118/351/331 115/344/325
f 109/10/10 116/352/332 118/351/331 117/350/330
f 116/352/332 111/353/323 112/354/322 118/351/331
f 112/354/322 115/355/325 118/351/331
f 573/356/333 121/357/334 123/358/335 122/359/336
f 121/360/334 125/361/337 126/362/338 123/363/335
f 119/364/339 124/365/340 126/362/338 125/361/337
f 124/365/340 128/366/341 129/367/342 126/362/338
f 120/3/3 127/368/343 129/367/342 128/366/341
f 127/368/343 122/359/336 123/358/335 129/367/342
f 123/363/335 126/362/338 129/369/342
f 572/370/344 131/371/345 133/372/346 132/373/347
f 131/371/345 135/374/348 136/375/349 133/372/346
f 130/2/2 134/376/350 136/375/349 135/374/348
f 134/376/350 138/377/351 139/378/352 136/375/349
f 795/379/353 818/380/354 927/381/355 898/382/356
f 137/383/357 132/384/347 133/385/346 139/378/352
f 133/385/346 136/386/349 139/378/352
f 140/11/11 142/387/358 144/388/359 143/389/360
f 142/387/358 146/348/328 147/390/361 144/388/359
f 166/391/362 145/392/363 807/393/327 819/394/364
f 145/392/363 149/395/365 150/396/366 147/390/361
f 141/6/6 148/397/367 150/398/366 149/399/365
f 148/400/367 143/389/360 144/388/359 150/401/366
f 144/388/359 147/402/361 150/401/366
f 151/310/5 154/403/368 156/404/369 155/405/370
f 154/406/368 158/407/371 159/408/372 156/409/369
f 152/410/373 157/411/374 159/408/372 158/407/371
f 157/412/374 161/413/375 162/414/376 159/415/372
f 153/8/8 160/416/377 162/414/376 161/413/375
f 160/416/377 155/417/370 156/418/369 162/414/376
f 156/418/369 159/415/372 162/414/376
f 880/419/378 872/420/379 829/420/131 834/421/131
f 165/422/380 169/423/381 170/424/382 167/425/383
f 163/1/1 168/426/384 170/424/382 169/423/381
f 168/426/384 172/427/385 173/102/386 170/424/382
f 164/312/17 171/428/387 173/429/386 172/430/385
f 171/431/387 166/391/362 167/425/383 173/432/386
f 167/425/383 170/433/382 173/432/386
f 174/4/4 177/434/388 179/435/389 178/436/390
f 177/434/388 181/437/391 182/438/392 179/435/389
f 175/439/393 180/440/394 182/438/392 181/437/391
f 180/440/394 184/441/395 185/442/396 182/438/392
f 176/318/307 183/443/397 185/444/396 184/445/395
f 183/446/397 178/436/390 179/435/389 185/447/396
f 179/448/389 182/438/392 185/442/396
f 141/6/6 151/5/5 155/449/370 148/397/367
f 148/400/367 155/417/370 160/416/377 143/389/360
f 143/389/360 160/416/377 153/8/8 140/11/11
f 152/410/373 98/321/309 101/324/312 157/411/374
f 157/412/374 101/336/312 106/335/319 161/413/375
f 161/413/375 106/335/319 99/9/9 153/8/8
f 570/327/315 571/338/320 111/341/323 103/328/316
f 103/331/316 111/353/323 116/352/332 107/332/317
f 107/332/317 116/352/332 109/10/10 99/9/9
f 783/450/398 793/451/399 895/452/400 940/453/401
f 113/349/329 146/348/328 142/387/358 117/350/330
f 117/350/330 142/387/358 140/11/11 109/10/10
f 164/312/17 141/311/6 149/454/365 171/428/387
f 171/431/387 149/395/365 145/392/363 166/391/362
f 817/455/402 806/456/403 906/457/404 919/455/405
f 571/338/320 572/370/344 132/373/347 110/339/321
f 110/342/321 132/384/347 137/383/357 114/343/324
f 782/458/326 113/349/329 115/344/325 114/343/324
f 130/2/2 163/1/1 169/423/381 134/376/350
f 134/376/350 169/423/381 165/422/380 138/377/351
f 794/459/406 137/383/357 139/378/352 138/377/351
f 176/318/307 164/317/17 172/460/385 183/443/397
f 183/446/397 172/427/385 168/426/384 178/436/390
f 178/436/390 168/426/384 163/1/1 174/4/4
f 572/370/344 573/356/333 122/359/336 131/371/345
f 131/371/345 122/359/336 127/368/343 135/374/348
f 135/374/348 127/368/343 120/3/3 130/2/2
f 119/364/339 175/439/393 181/437/391 124/365/340
f 124/365/340 181/437/391 177/434/388 128/366/341
f 128/366/341 177/434/388 174/4/4 120/3/3
f 151/310/5 176/309/307 184/461/395 154/403/368
f 154/406/368 184/441/395 180/440/394 158/407/371
f 158/407/371 180/440/394 175/439/393 152/410/373
f 573/356/333 570/327/315 104/330/313 121/357/334
f 121/360/334 104/325/313 100/322/310 125/361/337
f 125/361/337 100/322/310 98/321/309 119/364/339
f 175/439/393 119/364/339 98/321/309 152/410/373
f 187/59/85 188/173/173 189/173/219 186/59/260
f 191/17/24 187/59/85 186/255/260 190/17/259
f 193/16/25 191/17/24 190/17/259 192/16/271
f 195/20/27 193/16/25 192/16/271 194/20/216
f 197/19/29 195/20/27 194/20/216 196/19/215
f 199/26/31 197/19/29 196/19/215 198/26/225
f 201/27/33 199/26/31 198/26/225 200/27/229
f 203/28/35 201/27/33 200/27/229 202/28/233
f 205/29/37 203/30/35 202/30/233 204/29/237
f 207/31/39 205/29/37 204/29/237 206/31/241
f 209/32/41 207/31/39 206/31/241 208/32/245
f 211/33/43 209/32/41 208/32/245 210/33/249
f 213/35/45 211/33/43 210/33/249 212/35/253
f 215/36/47 213/35/45 212/34/253 214/36/257
f 217/37/49 215/36/47 214/36/257 216/37/265
f 219/38/51 217/37/49 216/37/265 218/38/269
f 221/39/53 219/38/51 218/262/269 220/39/211
f 223/41/55 221/39/53 220/39/211 222/41/210
f 225/42/57 223/41/55 222/41/210 224/42/223
f 227/43/59 225/42/57 224/42/223 226/43/227
f 229/44/61 227/43/59 226/43/227 228/44/231
f 231/46/63 229/44/61 228/44/231 230/46/235
f 233/47/65 231/46/63 230/46/235 232/47/239
f 235/48/67 233/47/65 232/252/239 234/48/243
f 237/49/69 235/48/67 234/253/243 236/49/247
f 239/50/71 237/49/69 236/49/247 238/50/251
f 241/51/73 239/50/71 238/50/251 240/51/255
f 243/52/75 241/51/73 240/256/255 242/52/263
f 245/53/77 243/52/75 242/52/263 244/53/267
f 247/54/79 245/53/77 244/261/267 246/54/273
f 249/58/81 247/54/79 246/54/273 248/58/220
f 188/173/173 249/58/81 248/249/220 189/173/219
f 506/59/18 509/173/86 35/173/86 34/59/18
f 251/62/19 252/61/87 253/462/150 250/463/209
f 255/23/20 251/22/19 250/464/209 254/465/161
f 257/68/91 255/23/20 254/466/161 256/467/160
f 259/69/92 257/68/91 256/468/160 258/469/167
f 261/71/94 259/69/92 258/470/167 260/471/171
f 263/73/96 261/71/94 260/472/171 262/473/177
f 265/75/98 263/73/96 262/474/177 264/475/181
f 267/77/100 265/75/98 264/476/181 266/477/185
f 269/79/102 267/77/100 266/478/185 268/479/189
f 271/81/104 269/79/102 268/480/189 270/481/193
f 273/83/106 271/81/104 270/482/193 272/483/197
f 275/85/108 273/83/106 272/484/197 274/485/201
f 277/87/110 275/85/108 274/486/201 276/487/205
f 279/89/112 277/87/110 276/488/205 278/489/147
f 281/91/114 279/89/112 278/490/147 280/491/146
f 283/93/115 281/91/114 280/492/146 282/493/157
f 285/95/116 283/93/115 282/494/157 284/495/165
f 287/97/118 285/95/116 284/496/165 286/497/169
f 289/99/120 287/97/118 286/498/169 288/499/175
f 291/101/122 289/99/120 288/500/175 290/501/179
f 293/103/124 291/101/122 290/502/179 292/503/183
f 295/105/126 293/103/124 292/504/183 294/505/187
f 297/107/128 295/105/126 294/506/187 296/507/191
f 299/109/130 297/107/128 296/508/191 298/509/195
f 301/111/132 299/109/130 298/510/195 300/511/199
f 303/113/134 301/111/132 300/512/199 302/513/203
f 305/115/136 303/113/134 302/514/203 304/515/207
f 307/117/138 305/115/136 304/516/207 306/517/155
f 309/119/140 307/117/138 306/518/155 308/519/154
f 311/121/142 309/119/140 308/520/154 310/521/163
f 313/64/89 311/121/142 310/522/163 312/523/151
f 252/65/87 313/64/89 312/524/151 253/525/150
f 315/173/172 376/56/80 249/58/81 188/173/173
f 317/526/208 314/129/149 315/173/172 316/59/84
f 319/243/158 317/242/208 316/59/84 318/17/23
f 321/150/159 319/149/158 318/17/23 320/16/22
f 323/162/166 321/161/159 320/16/22 322/25/26
f 325/171/170 323/170/166 322/25/26 324/19/28
f 327/178/176 325/171/170 324/19/28 326/26/30
f 329/186/180 327/185/176 326/26/30 328/27/32
f 331/193/184 329/186/180 328/27/32 330/28/34
f 333/200/188 331/193/184 330/28/34 332/29/36
f 335/208/192 333/207/188 332/29/36 334/31/38
f 337/215/196 335/214/192 334/31/38 336/32/40
f 339/223/200 337/222/196 336/32/40 338/33/42
f 341/231/204 339/230/200 338/33/42 340/34/44
f 343/239/144 341/238/204 340/34/44 342/36/46
f 345/124/145 343/123/144 342/36/46 344/37/48
f 347/146/156 345/145/145 344/37/48 346/38/50
f 349/158/164 347/157/156 346/38/50 348/39/52
f 351/167/168 349/166/164 348/39/52 350/40/54
f 353/175/174 351/174/168 350/40/54 352/42/56
f 355/182/178 353/181/174 352/42/56 354/43/58
f 357/190/182 355/189/178 354/43/58 356/44/60
f 359/197/186 357/196/182 356/44/60 358/45/62
f 361/204/190 359/203/186 358/45/62 360/47/64
f 363/211/194 361/210/190 360/47/64 362/48/66
f 365/219/198 363/218/194 362/48/66 364/49/68
f 367/227/202 365/226/198 364/49/68 366/50/70
f 369/235/206 367/234/202 366/50/70 368/51/72
f 371/141/152 369/235/206 368/51/72 370/52/74
f 373/142/153 371/141/152 370/52/74 372/53/76
f 375/154/162 373/153/153 372/55/76 374/54/78
f 377/128/148 375/165/162 374/57/78 376/56/80
f 314/129/149 377/128/148 376/56/80 315/173/172
f 314/129/149 317/526/208 250/527/209 253/528/150
f 379/59/261 380/173/222 381/173/277 378/59/286
f 383/17/262 379/59/261 378/59/286 382/17/283
f 385/260/272 383/17/262 382/17/283 384/16/281
f 387/20/217 385/16/272 384/16/281 386/20/279
f 389/19/218 387/20/217 386/20/279 388/19/276
f 391/134/226 389/250/218 388/19/276 390/26/275
f 393/27/230 391/26/226 390/26/275 392/27/295
f 395/28/234 393/27/230 392/27/295 394/28/296
f 397/251/238 395/30/234 394/28/296 396/29/297
f 399/31/242 397/29/238 396/29/297 398/31/298
f 401/32/246 399/31/242 398/31/298 400/32/299
f 403/33/250 401/32/246 400/32/299 402/33/300
f 405/35/254 403/33/250 402/33/300 404/35/301
f 407/254/258 405/35/254 404/35/301 406/36/302
f 409/37/266 407/36/258 406/36/302 408/37/303
f 411/259/270 409/37/266 408/37/303 410/38/304
f 413/263/212 411/38/270 410/38/304 412/39/305
f 415/41/213 413/248/212 412/39/305 414/41/306
f 417/42/224 415/41/213 414/41/306 416/42/294
f 419/43/228 417/42/224 416/42/294 418/43/293
f 421/44/232 419/43/228 418/43/293 420/44/292
f 423/46/236 421/44/232 420/44/292 422/46/291
f 425/47/240 423/46/236 422/46/291 424/47/290
f 427/48/244 425/47/240 424/47/290 426/48/289
f 429/49/248 427/48/244 426/48/289 428/49/288
f 431/50/252 429/49/248 428/49/288 430/50/287
f 433/51/256 431/50/252 430/50/287 432/51/285
f 435/52/264 433/51/256 432/51/285 434/52/284
f 437/258/268 435/52/264 434/52/284 436/53/282
f 439/54/274 437/53/268 436/53/282 438/54/280
f 441/249/221 439/54/274 438/54/280 440/58/278
f 380/173/222 441/249/221 440/58/278 381/173/277
f 186/59/260 189/173/219 380/173/222 379/59/261
f 443/59/407 444/173/408 445/173/408 442/59/407
f 447/17/409 443/59/407 442/59/407 446/17/409
f 449/16/410 447/17/409 446/17/409 448/16/410
f 451/20/411 449/16/410 448/16/410 450/25/411
f 453/19/412 451/20/411 450/20/411 452/250/412
f 455/26/413 453/19/412 452/19/412 454/26/413
f 457/27/414 455/26/413 454/26/413 456/27/414
f 459/28/415 457/27/414 456/27/414 458/28/415
f 461/29/416 459/28/415 458/28/415 460/266/416
f 463/31/417 461/29/416 460/29/416 462/31/417
f 465/32/418 463/31/417 462/31/417 464/32/418
f 467/33/419 465/32/418 464/32/418 466/33/419
f 469/35/420 467/33/419 466/33/419 468/139/420
f 471/36/421 469/35/420 468/139/420 470/36/421
f 473/37/422 471/36/421 470/36/421 472/37/422
f 475/38/423 473/37/422 472/37/422 474/38/423
f 477/39/424 475/38/423 474/259/423 476/39/424
f 479/41/425 477/39/424 476/39/424 478/274/425
f 481/42/426 479/41/425 478/41/425 480/42/426
f 483/43/427 481/42/426 480/42/426 482/43/427
f 485/44/428 483/43/427 482/43/427 484/44/428
f 487/265/429 485/44/428 484/44/428 486/46/429
f 489/47/430 487/265/429 486/265/429 488/47/430
f 491/48/431 489/47/430 488/47/430 490/48/431
f 493/49/432 491/48/431 490/48/431 492/49/432
f 495/50/433 493/49/432 492/49/432 494/50/433
f 497/51/434 495/50/433 494/50/433 496/51/434
f 499/52/435 497/51/434 496/51/434 498/52/435
f 501/53/436 499/52/435 498/52/435 500/53/436
f 503/54/437 501/53/436 500/53/436 502/54/437
f 505/58/438 503/54/437 502/54/437 504/58/438
f 444/173/408 505/58/438 504/58/438 445/173/408
f 378/59/286 381/173/277 444/173/86 443/59/18
f 507/59/439 508/173/408 509/173/408 506/59/439
f 511/17/440 507/59/439 506/127/439 510/17/440
f 513/16/410 511/17/440 510/264/440 512/16/410
f 515/20/411 513/16/410 512/257/410 514/20/411
f 517/19/412 515/20/411 514/20/411 516/19/412
f 519/276/413 517/19/412 516/135/412 518/26/413
f 521/27/441 519/26/413 518/134/413 520/27/441
f 523/28/415 521/27/441 520/27/441 522/28/415
f 525/29/442 523/28/415 522/28/415 524/29/442
f 527/268/443 525/29/442 524/29/442 526/31/443
f 529/32/418 527/31/443 526/31/443 528/32/418
f 531/33/419 529/32/418 528/32/418 530/33/419
f 533/35/420 531/33/419 530/33/419 532/35/420
f 535/36/421 533/35/420 532/139/420 534/36/421
f 537/270/444 535/36/421 534/140/421 536/37/444
f 539/38/423 537/37/444 536/37/444 538/38/423
f 541/273/445 539/38/423 538/38/423 540/39/445
f 543/41/446 541/39/445 540/39/445 542/41/446
f 545/42/426 543/275/446 542/41/446 544/42/426
f 547/43/427 545/42/426 544/133/426 546/132/427
f 549/44/428 547/43/427 546/132/427 548/44/428
f 551/46/429 549/44/428 548/44/428 550/46/429
f 553/267/447 551/46/429 550/136/429 552/47/447
f 555/48/431 553/47/447 552/47/447 554/48/431
f 557/269/448 555/48/431 554/48/431 556/49/448
f 559/50/433 557/49/448 556/137/448 558/50/433
f 561/51/434 559/50/433 558/138/433 560/51/434
f 563/52/435 561/51/434 560/51/434 562/52/435
f 565/261/436 563/52/435 562/52/435 564/53/436
f 567/272/449 565/53/436 564/53/436 566/54/449
f 569/58/450 567/54/449 566/54/449 568/58/450
f 508/173/408 569/58/450 568/271/450 509/173/408
f 442/59/16 445/173/16 508/173/16 507/59/16
f 574/529/214 575/530/214 571/338/320 570/327/315
f 575/530/214 576/531/214 572/370/344 571/338/320
f 576/531/214 577/532/214 573/356/333 572/370/344
f 577/532/214 574/529/214 570/327/315 573/356/333
f 578/533/451 591/534/452 618/534/452 607/533/451
f 598/535/214 597/536/214 590/537/214 592/538/214 577/532/214 576/531/214
f 590/539/453 597/540/454 613/536/454 622/537/453
f 596/541/455 585/542/456 608/543/456 617/544/455
f 580/545/214 579/546/214 584/547/214 586/548/214 575/530/214 574/529/214
f 592/538/214 591/534/214 578/533/214 580/545/214 574/529/214 577/532/214
f 586/548/214 585/543/214 596/544/214 598/549/214 576/531/214 575/530/214
f 578/533/214 581/550/214 580/545/214
f 581/550/214 582/551/214 580/545/214
f 582/551/214 583/552/214 580/545/214
f 583/552/214 579/553/214 580/545/214
f 584/554/214 587/555/214 586/548/214
f 587/555/214 588/556/214 586/548/214
f 588/556/214 589/557/214 586/548/214
f 589/557/214 585/558/214 586/548/214
f 590/539/214 593/559/214 592/538/214
f 593/559/214 594/560/214 592/538/214
f 594/560/214 595/561/214 592/538/214
f 595/561/214 591/562/214 592/538/214
f 596/541/214 599/563/214 598/535/214
f 599/563/214 600/564/214 598/535/214
f 600/564/214 601/565/214 598/535/214
f 601/565/214 597/566/214 598/535/214
f 596/541/455 617/544/455 616/567/457 599/563/457
f 599/563/457 616/567/457 615/566/93 600/566/93
f 600/566/93 615/566/93 614/568/458 601/568/458
f 601/568/458 614/568/458 613/536/454 597/540/454
f 618/534/452 591/534/452 595/569/459 619/569/459
f 619/569/459 595/569/459 594/562/109 620/562/109
f 620/562/109 594/562/109 593/559/460 621/559/460
f 621/559/460 593/559/460 590/539/453 622/537/453
f 578/533/451 607/533/451 606/550/461 581/550/461
f 581/550/461 606/550/461 605/553/123 582/553/123
f 582/553/123 605/553/123 604/570/462 583/571/462
f 583/571/462 604/570/462 603/546/463 579/572/463
f 608/543/456 585/542/456 589/573/464 609/574/464
f 609/574/464 589/573/464 588/558/139 610/558/139
f 610/558/139 588/558/139 587/555/465 611/555/465
f 611/555/465 587/555/465 584/554/466 612/547/466
f 584/554/466 579/572/463 603/546/463 612/547/466
f 602/575/214 603/546/214 604/570/214
f 602/576/214 604/570/214 605/553/214
f 602/577/214 605/553/214 606/550/214
f 602/578/214 606/550/214 607/533/214
f 602/579/214 608/543/214 609/574/214
f 602/580/214 609/574/214 610/558/214
f 602/581/214 610/558/214 611/555/214
f 602/582/214 611/555/214 612/547/214
f 602/583/214 613/536/214 614/568/214
f 602/584/214 614/568/214 615/566/214
f 602/585/214 615/566/214 616/567/214
f 602/586/214 616/567/214 617/544/214
f 602/587/214 618/534/214 619/569/214
f 602/588/214 619/569/214 620/562/214
f 602/589/214 620/562/214 621/559/214
f 602/590/214 621/559/214 622/537/214
f 602/591/214 612/547/214 603/546/214
f 602/592/214 607/533/214 618/534/214
f 602/593/214 617/544/214 608/543/214
f 602/594/214 622/537/214 613/536/214
f 878/595/467 865/452/468 844/452/469 831/450/470
f 835/596/471 832/597/472 847/598/472 842/599/473
f 852/600/474 886/457/475 837/456/476 839/455/477
f 864/379/478 854/380/479 843/380/480 845/382/481
f 935/601/467 896/602/467 866/603/482 876/450/483
f 904/604/484 933/605/379 873/420/485 882/606/486
f 905/607/487 881/608/488 954/609/489 962/609/490
f 887/610/491 851/611/492 949/612/493 955/613/494
f 807/614/327 145/392/363 147/390/361 146/348/328
f 138/377/351 165/422/380 819/615/364 794/616/406
f 805/421/495 781/420/496 934/617/497 903/606/498
f 819/618/364 165/422/380 167/425/383 166/391/362
f 920/619/499 916/620/500 957/613/501 942/621/502
f 850/622/503 922/623/504 941/624/505 950/624/506
f 943/625/507 673/626/508 947/627/509
f 721/628/90 659/629/93 624/629/93 640/628/90
f 663/630/139 769/631/141 652/631/141 625/630/139
f 943/632/507 729/633/510 656/634/511
f 943/635/507 682/636/512 761/637/513
f 730/638/111 697/639/113 634/639/113 642/638/111
f 656/634/511 765/640/514 943/641/507
f 958/642/515 694/643/516 725/644/517
f 762/645/83 681/646/82 630/646/82 650/645/83
f 746/647/117 713/648/119 638/648/119 646/647/117
f 778/649/121 667/650/123 626/650/123 654/649/121
f 958/651/515 679/652/518 757/653/519
f 726/654/125 693/654/127 633/654/127 641/654/125
f 952/655/520 741/656/521 679/657/518
f 952/658/520 705/659/522 770/660/523
f 758/654/129 678/654/131 629/654/131 649/654/129
f 952/661/520 770/662/523 664/663/524
f 742/654/133 709/654/135 637/654/135 645/654/133
f 774/654/137 663/630/139 625/630/139 653/654/137
f 706/648/143 737/647/88 644/647/88 636/648/143
f 709/654/135 774/654/137 653/654/137 637/654/135
f 675/646/86 753/645/18 648/645/18 628/646/86
f 947/664/509 686/665/525 717/666/526
f 678/654/131 742/654/133 645/654/133 629/654/131
f 690/639/21 721/628/90 640/628/90 632/639/21
f 693/654/127 758/654/129 649/654/129 633/654/127
f 947/667/509 749/668/527 686/669/525
f 947/670/509 673/671/508 749/668/527
f 718/629/95 685/629/97 631/629/97 639/629/95
f 943/672/507 733/668/528 673/673/508
f 943/674/507 761/637/513 698/675/529
f 750/629/99 671/629/101 627/629/101 647/629/99
f 947/676/509 674/677/530 952/678/520
f 734/629/103 701/629/105 635/629/105 643/629/103
f 766/629/107 655/679/109 623/679/109 651/629/107
f 947/680/509 754/681/531 674/682/530
f 958/683/515 682/684/512 943/685/507
f 765/686/514 702/687/532 943/688/507
f 681/646/82 746/647/117 646/647/117 630/646/82
f 952/689/520 710/690/533 741/656/521
f 685/629/97 750/629/99 647/629/99 631/629/97
f 664/691/524 773/692/534 952/693/520
f 659/629/93 718/629/95 639/629/95 624/629/93
f 958/694/515 757/695/519 694/696/516
f 667/650/123 726/654/125 641/654/125 626/650/123
f 753/645/18 690/639/21 632/639/21 648/645/18
f 952/697/520 738/698/535 705/659/522
f 947/699/509 717/666/526 660/700/536
f 952/701/520 679/702/518 958/701/515
f 671/629/101 734/629/103 643/629/103 627/629/101
f 697/639/113 762/645/83 650/645/83 634/639/113
f 958/703/515 725/644/517 668/704/537
f 701/629/105 766/629/107 651/629/107 635/629/105
f 958/705/515 714/706/538 745/707/539 682/708/512
f 769/631/141 706/648/143 636/648/143 652/631/141
f 943/709/507 698/710/529 729/633/510
f 952/711/520 674/712/530 738/698/535
f 947/713/509 689/714/540 754/681/531
f 713/648/119 778/649/121 654/649/121 638/648/119
f 660/634/536 722/715/541 947/716/509
f 722/717/541 689/718/540 947/719/509
f 668/704/537 777/720/542 958/721/515
f 773/692/534 710/690/533 952/722/520
f 737/647/88 675/646/86 628/646/86 644/647/88
f 943/723/507 702/687/532 733/724/528
f 777/725/542 714/706/538 958/726/515
f 718/629/543 659/629/544 661/727/545 720/629/546
f 720/629/547 661/727/548 662/728/549 719/729/550
f 719/729/550 662/728/549 660/700/536 717/666/526
f 722/715/541 660/634/536 662/728/549 724/730/551
f 724/730/551 662/728/549 661/727/548 723/731/552
f 723/731/553 661/727/545 659/629/544 721/628/554
f 726/654/555 667/650/556 669/732/557 728/630/558
f 728/630/559 669/732/560 670/733/561 727/734/562
f 727/734/562 670/733/561 668/704/537 725/644/517
f 730/638/563 655/679/564 657/735/565 732/731/566
f 732/731/567 657/735/568 658/736/569 731/737/570
f 731/737/570 658/736/569 656/634/511 729/633/510
f 734/629/571 671/629/572 672/629/573 736/738/574
f 736/738/574 672/629/573 673/739/575 735/740/576
f 735/740/577 673/673/578 733/668/528
f 738/698/535 674/712/530 676/741/579 740/742/580
f 740/742/581 676/741/582 677/646/583 739/743/584
f 739/743/584 677/646/583 675/646/585 737/647/586
f 742/654/587 678/654/588 680/654/589 744/654/590
f 744/654/590 680/654/591 679/744/518 743/745/592
f 743/745/592 679/657/518 741/656/521
f 746/647/593 681/646/594 683/746/595 748/747/596
f 748/747/597 683/746/595 684/748/598 747/749/599
f 747/749/600 684/748/601 682/708/512 745/707/539
f 750/629/602 685/629/603 687/738/604 752/629/605
f 752/629/605 687/738/604 688/750/606 751/740/607
f 751/740/608 688/750/609 686/669/525 749/668/527
f 754/681/531 689/714/540 691/751/610 756/752/611
f 756/752/612 691/751/610 692/753/613 755/754/614
f 755/754/614 692/753/615 690/639/616 753/645/617
f 758/654/618 693/654/619 695/654/620 760/654/621
f 760/654/621 695/654/620 696/755/622 759/756/623
f 759/756/623 696/755/624 694/696/516 757/695/519
f 762/645/625 697/639/626 699/757/627 764/758/628
f 764/758/628 699/757/629 700/759/630 763/760/631
f 763/760/632 700/759/630 698/675/529 761/637/513
f 766/629/633 701/629/634 703/629/635 768/629/636
f 768/629/637 703/629/635 704/761/638 767/762/639
f 767/762/639 704/761/640 702/687/532 765/686/514
f 770/660/523 705/659/522 707/763/641 772/764/642
f 772/764/642 707/763/641 708/765/643 771/766/644
f 771/766/645 708/765/646 706/648/647 769/631/648
f 774/654/649 709/654/650 711/654/651 776/654/652
f 776/654/653 711/654/651 712/767/654 775/768/655
f 775/768/655 712/767/656 710/690/533 773/692/534
f 778/649/657 713/648/658 715/769/659 780/770/660
f 780/770/661 715/769/662 716/771/663 779/772/664
f 779/772/664 716/771/663 714/706/538 777/725/542
f 685/629/603 718/629/543 720/629/546 687/738/604
f 687/738/604 720/629/547 719/729/550 688/750/606
f 688/750/609 719/729/550 717/666/526 686/665/525
f 689/718/540 722/717/541 724/730/551 691/751/610
f 691/751/610 724/730/551 723/731/552 692/753/613
f 692/753/615 723/731/553 721/628/554 690/639/616
f 693/654/619 726/654/555 728/630/558 695/654/620
f 695/654/620 728/630/559 727/734/562 696/755/622
f 696/755/624 727/734/562 725/644/517 694/643/516
f 697/639/626 730/638/563 732/731/566 699/757/627
f 699/757/629 732/731/567 731/737/570 700/759/630
f 700/759/630 731/737/570 729/633/510 698/710/529
f 701/629/634 734/629/571 736/738/574 703/629/635
f 703/629/635 736/738/574 735/740/576 704/761/638
f 704/761/640 735/740/577 733/724/528 702/687/532
f 705/659/522 738/698/535 740/742/580 707/763/641
f 707/763/641 740/742/581 739/743/584 708/765/643
f 708/765/646 739/743/584 737/647/586 706/648/647
f 709/654/650 742/654/587 744/654/590 711/654/651
f 711/654/651 744/654/590 743/745/592 712/767/654
f 712/767/656 743/745/592 741/656/521 710/690/533
f 713/648/658 746/647/593 748/747/596 715/769/659
f 715/769/662 748/747/597 747/749/599 716/771/663
f 716/771/663 747/749/600 745/707/539 714/706/538
f 671/629/572 750/629/602 752/629/605 672/629/573
f 672/629/573 752/629/605 751/740/607 673/739/575
f 673/739/665 751/740/608 749/668/527
f 674/682/530 754/681/531 756/752/611 676/741/579
f 676/741/582 756/752/612 755/754/614 677/646/583
f 677/646/583 755/754/614 753/645/617 675/646/585
f 678/654/588 758/654/618 760/654/621 680/654/589
f 680/654/591 760/654/621 759/756/623 679/744/518
f 679/744/518 759/756/623 757/653/519
f 681/646/594 762/645/625 764/758/628 683/746/595
f 683/746/595 764/758/628 763/760/631 684/748/598
f 684/748/601 763/760/632 761/637/513 682/636/512
f 655/679/564 766/629/633 768/629/636 657/735/565
f 657/735/568 768/629/637 767/762/639 658/736/569
f 658/736/569 767/762/639 765/640/514 656/634/511
f 664/663/524 770/662/523 772/764/642 666/773/666
f 666/773/666 772/764/642 771/766/644 665/774/667
f 665/774/668 771/766/645 769/631/648 663/630/669
f 663/630/669 774/654/649 776/654/652 665/774/668
f 665/774/667 776/654/653 775/768/655 666/773/666
f 666/773/666 775/768/655 773/692/534 664/691/524
f 667/650/556 778/649/657 780/770/660 669/732/557
f 669/732/560 780/770/661 779/772/664 670/733/561
f 670/733/561 779/772/664 777/720/542 668/704/537
f 655/679/109 730/638/111 642/638/111 623/679/109
f 781/420/496 784/775/670 786/776/671 785/777/672
f 784/775/670 788/778/673 789/779/674 786/776/671
f 782/780/675 787/781/676 789/779/674 788/778/673
f 787/781/676 791/782/677 792/783/678 789/779/674
f 783/450/398 790/784/679 792/783/678 791/782/677
f 790/784/679 785/777/672 786/776/671 792/783/678
f 786/776/671 789/779/674 792/783/678
f 793/451/399 796/785/680 798/786/681 797/787/682
f 796/785/680 800/788/683 801/789/684 798/786/681
f 794/616/685 799/790/686 801/789/684 800/788/683
f 799/790/686 803/791/687 804/792/688 801/789/684
f 795/379/353 802/793/689 804/792/688 803/791/687
f 802/793/689 797/787/682 798/786/681 804/792/688
f 798/786/681 801/789/684 804/792/688
f 805/421/495 808/794/690 810/795/691 809/796/692
f 808/794/690 812/797/693 813/798/694 810/795/691
f 806/456/403 811/799/695 813/798/694 812/797/693
f 811/799/695 815/800/696 816/801/697 813/798/694
f 807/347/698 814/802/699 816/801/697 815/800/696
f 814/802/699 809/796/692 810/795/691 816/801/697
f 810/795/691 813/798/694 816/801/697
f 817/455/402 820/803/700 822/804/701 821/805/702
f 820/803/700 824/806/703 825/807/704 822/804/701
f 818/380/354 823/808/705 825/807/704 824/806/703
f 823/808/705 827/809/706 828/810/707 825/807/704
f 819/394/708 826/811/709 828/810/707 827/809/706
f 826/811/709 821/805/702 822/804/701 828/810/707
f 822/804/701 825/807/704 828/810/707
f 829/812/710 831/813/711 830/814/712
f 831/450/470 833/815/713 830/816/714
f 832/817/715 830/818/714 833/819/713
f 832/817/716 829/617/717 830/818/718
f 834/820/719 835/821/720 836/822/721
f 835/596/471 838/823/722 836/824/723
f 838/825/724 837/826/724 836/824/724
f 837/827/725 834/828/726 836/822/727
f 839/829/477 842/830/728 840/831/729
f 841/380/730 840/832/731 842/830/732
f 843/833/480 840/832/731 841/380/730
f 843/833/733 839/834/734 840/832/735
f 844/835/736 845/836/737 846/837/738
f 845/382/481 848/838/739 846/839/740
f 848/840/741 847/841/741 846/839/741
f 847/842/742 844/452/469 846/837/743
f 854/380/744 853/843/745 863/844/746
f 853/843/745 856/380/747 857/845/748 863/844/746
f 849/14/14 855/846/749 857/845/748 856/380/747
f 855/846/749 858/622/750 859/847/751 857/845/748
f 850/623/503 859/847/751 858/622/750
f 850/623/752 851/848/492 861/849/753 859/847/751
f 851/611/492 860/850/754 861/849/753
f 860/850/754 862/851/755 863/852/756 861/849/753
f 852/853/474 863/852/756 862/851/755
f 852/853/474 854/854/757 863/852/756
f 863/844/746 857/845/748 859/847/751 861/849/753
f 864/855/758 865/856/759 869/857/760 868/858/761
f 866/859/762 867/860/763 871/861/764 870/862/765
f 868/858/761 869/857/760 870/862/765 871/861/764
f 873/863/485 876/864/766 877/865/767 875/866/768
f 878/867/769 872/868/379 874/869/770 879/870/771
f 874/869/770 875/866/768 877/865/767 879/870/771
f 880/871/378 884/872/772 883/606/773
f 880/871/378 886/873/774 884/872/772
f 886/457/775 885/874/775 884/875/775
f 885/874/776 888/876/777 889/877/778 884/875/779
f 887/878/491 889/877/778 888/876/777
f 887/878/780 881/607/488 891/607/781 889/877/782
f 881/608/488 890/879/783 891/607/781
f 890/879/783 893/880/784 894/881/785 891/607/781
f 882/606/486 892/882/786 894/881/785 893/880/784
f 892/882/786 883/606/773 884/872/772 894/881/785
f 884/875/772 889/877/782 891/607/781 894/881/785
f 895/883/400 898/860/787 899/858/788 897/884/789
f 900/885/790 896/886/791 902/887/792 901/888/793
f 897/884/789 899/858/788 901/888/793 902/887/792
f 906/889/794 909/875/794 907/890/794
f 906/889/795 903/891/498 909/875/796
f 903/606/498 908/882/797 909/892/796
f 908/882/797 911/882/798 912/893/799 909/892/796
f 904/604/484 910/894/800 912/893/799 911/882/798
f 910/894/800 913/607/801 914/609/802 912/893/799
f 905/607/487 916/895/500 914/609/802 913/607/801
f 916/896/500 917/897/803 914/609/802
f 916/620/500 915/898/804 917/897/803
f 915/898/804 907/890/805 909/875/806 917/897/803
f 909/892/796 912/893/799 914/609/802 917/897/803
f 922/623/504 921/899/807 923/900/808
f 921/899/807 925/846/809 926/901/810 923/900/808
f 918/13/13 924/13/811 926/901/810 925/846/809
f 924/13/811 928/380/812 930/902/813 926/901/810
f 927/903/814 930/902/813 928/380/812
f 927/903/815 919/803/405 930/902/816
f 919/455/405 929/904/817 930/905/816
f 929/904/817 931/906/818 932/849/819 930/905/816
f 920/907/499 932/849/819 931/906/818
f 920/907/499 922/622/504 923/900/808 932/849/819
f 923/900/808 926/901/810 930/905/813 932/849/819
f 935/908/769 933/909/379 937/910/820 936/911/821
f 934/777/497 940/912/822 938/913/823
f 940/453/824 939/453/825 938/911/826
f 939/453/825 936/911/827 938/911/826
f 936/911/821 937/910/820 938/911/828
f 944/914/829 942/915/502 945/916/830
f 943/917/507 944/622/829 946/918/831
f 944/919/829 945/916/830 946/920/831
f 947/921/509 949/922/832 948/923/833
f 949/612/493 951/924/834 948/925/835
f 951/847/834 950/622/506 948/925/835
f 950/623/506 947/926/509 948/923/835
f 952/927/520 954/607/836 953/928/837
f 954/609/489 956/895/838 953/879/839
f 955/929/840 953/930/839 956/931/838
f 955/929/840 952/932/520 953/930/839
f 958/933/515 960/934/841 959/935/842
f 962/609/490 961/607/843 960/607/841
f 961/607/843 959/935/842 960/607/841
f 781/420/496 805/421/495 809/796/692 784/775/670
f 784/775/670 809/796/692 814/802/699 788/936/673
f 788/936/673 814/802/699 807/347/698 782/346/675
f 806/456/403 817/455/402 821/805/702 811/799/695
f 811/799/695 821/805/702 826/811/709 815/937/696
f 815/937/696 826/811/709 819/394/708 807/393/698
f 793/451/399 783/450/398 791/782/677 796/785/680
f 796/785/680 791/782/677 787/781/676 800/938/683
f 800/938/683 787/781/676 782/780/675 794/939/685
f 818/380/354 795/379/353 803/791/687 823/808/705
f 823/808/705 803/791/687 799/790/686 827/940/706
f 827/940/706 799/790/686 794/616/685 819/615/708
f 832/817/716 835/821/720 834/820/719 829/617/717
f 835/596/471 842/941/473 838/823/722
f 838/823/844 842/941/728 839/829/477
f 838/825/844 839/455/477 837/456/476
f 847/598/472 832/597/472 833/819/86
f 847/842/742 833/815/713 844/452/469
f 844/452/469 833/815/713 831/450/470
f 842/599/473 847/598/472 848/840/86 841/942/86
f 841/380/730 848/838/739 845/382/481 843/380/480
f 852/853/474 839/834/734 843/833/733 854/854/757
f 895/452/400 793/451/399 797/787/682
f 895/883/400 797/787/682 802/793/845 898/860/787
f 898/860/356 802/793/689 795/379/353
f 878/867/769 831/813/711 829/812/710 872/868/379
f 906/457/404 806/456/403 812/797/693
f 906/889/795 812/797/846 808/794/690 903/891/498
f 903/891/498 808/794/690 805/421/495
f 922/623/504 850/622/503 858/622/750 921/899/807
f 921/899/807 858/622/750 855/846/749 925/846/809
f 925/846/809 855/846/749 849/14/14 918/13/13
f 844/835/736 865/856/759 864/855/758 845/836/737
f 935/908/769 876/864/766 873/863/485 933/909/379
f 837/827/725 886/873/774 880/871/378 834/828/726
f 886/457/475 852/600/474 862/851/755 885/874/776
f 885/874/776 862/851/755 860/850/754 888/876/777
f 888/876/777 860/850/754 851/611/492 887/610/491
f 865/452/468 878/595/467 879/450/467 869/943/760
f 869/943/760 879/450/467 877/595/482 870/603/765
f 870/603/765 877/595/482 876/450/483 866/603/482
f 872/420/379 880/419/378 883/606/773 874/944/770
f 874/944/770 883/606/773 892/882/786 875/945/768
f 875/945/768 892/882/786 882/606/486 873/420/485
f 854/380/479 864/379/478 868/379/847 853/843/745
f 853/843/745 868/379/847 871/838/848 856/380/747
f 856/380/747 871/838/848 867/12/15 849/14/14
f 866/859/762 896/886/791 900/885/790 867/860/763
f 881/608/488 905/607/487 913/607/801 890/879/783
f 890/879/783 913/607/801 910/894/800 893/880/784
f 893/880/784 910/894/800 904/604/484 882/606/486
f 817/455/402 919/803/405 820/803/700
f 820/803/700 919/803/405 927/903/815 824/806/849
f 824/806/703 927/381/355 818/380/354
f 783/450/398 940/912/401 790/784/679
f 790/784/850 940/912/822 934/777/497 785/777/672
f 785/777/672 934/617/497 781/420/496
f 918/13/13 900/12/12 901/838/851 924/13/811
f 924/13/811 901/838/851 899/838/852 928/380/812
f 928/380/812 899/838/852 898/382/356 927/381/355
f 933/605/379 904/604/484 911/882/798 937/946/820
f 937/946/820 911/882/798 908/882/797 938/947/853
f 938/947/853 908/882/797 903/606/498 934/617/497
f 896/602/467 935/601/467 936/595/854 902/948/792
f 902/948/792 936/595/854 939/453/855 897/451/789
f 897/451/789 939/453/855 940/453/401 895/452/400
f 916/620/500 920/619/499 931/906/818 915/898/804
f 915/898/804 931/906/818 929/904/817 907/890/805
f 907/890/805 929/904/817 919/455/405 906/457/404
f 943/917/507 947/949/509 950/623/506 944/622/829
f 944/622/829 950/624/506 941/624/505
f 955/929/840 949/922/832 947/921/509 952/933/520
f 952/701/520 958/701/515 959/950/842
f 952/927/520 959/950/842 961/607/843 954/607/836
f 954/607/489 961/607/856 962/609/490
f 958/683/515 943/685/507 946/951/831
f 958/933/515 946/951/831 945/952/830 960/953/841
f 960/953/841 945/952/830 942/621/502 957/613/501
f 920/907/499 942/915/502 944/914/829 922/622/504
f 922/622/504 944/914/829 941/624/505
f 949/612/493 851/848/492 951/924/834
f 951/924/834 851/848/492 850/623/752
f 951/847/857 850/622/503 950/624/506
f 887/610/491 955/613/494 956/931/858
f 887/878/780 956/895/838 881/607/488
f 881/607/488 956/895/838 954/609/489
f 957/613/501 916/896/500 960/954/841
f 960/954/841 916/895/500 962/607/490
f 962/607/490 916/895/500 905/607/487
f 114/343/324 137/383/357 794/939/406 782/780/326
f 963/628/121 964/628/121 965/629/123 966/629/123
f 967/630/109 968/630/109 969/631/111 970/631/111
f 971/638/141 972/638/141 973/639/143 974/639/143
f 975/645/88 976/645/88 977/646/86 978/646/86
f 979/647/18 980/647/18 981/648/21 982/648/21
f 983/649/90 984/649/90 985/650/93 986/650/93
f 987/654/95 988/654/95 989/654/97 990/654/97
f 991/654/99 992/654/99 993/654/101 994/654/101
f 995/654/103 996/654/103 997/654/105 998/654/105
f 999/654/107 1000/654/107 968/630/109 967/630/109
f 1001/648/113 1002/648/113 1003/647/83 1004/647/83
f 998/654/105 997/654/105 1000/654/107 999/654/107
f 1005/646/82 1006/646/82 1007/645/117 1008/645/117
f 994/654/101 993/654/101 996/654/103 995/654/103
f 1009/639/119 1010/639/119 964/628/121 963/628/121
f 990/654/97 989/654/97 992/654/99 991/654/99
f 1011/629/125 1012/629/125 1013/629/127 1014/629/127
f 1015/629/129 1016/629/129 1017/629/131 1018/629/131
f 1019/629/133 1020/629/133 1021/629/135 1022/629/135
f 1023/629/137 1024/629/137 1025/679/139 1026/679/139
f 978/646/86 977/646/86 980/647/18 979/647/18
f 1014/629/127 1013/629/127 1016/629/129 1015/629/129
f 966/629/123 965/629/123 1012/629/125 1011/629/125
f 986/650/93 985/650/93 988/654/95 987/654/95
f 1008/645/117 1007/645/117 1010/639/119 1009/639/119
f 1018/629/131 1017/629/131 1020/629/133 1019/629/133
f 974/639/143 973/639/143 976/645/88 975/645/88
f 1022/629/135 1021/629/135 1024/629/137 1023/629/137
f 970/631/111 969/631/111 1002/648/113 1001/648/113
f 982/648/21 981/648/21 984/649/90 983/649/90
f 1004/647/83 1003/647/83 1006/646/82 1005/646/82
f 1026/679/139 1025/679/139 972/638/141 971/638/141
f 678/654/214 758/654/214 991/654/214 994/654/214
f 643/629/16 635/629/16 1021/629/16 1020/629/16
f 636/648/16 644/647/16 1003/647/16 1002/648/16
f 746/647/214 681/646/214 978/646/214 979/647/214
f 701/629/214 734/629/214 1019/629/214 1022/629/214
f 659/629/214 721/628/214 963/628/214 966/629/214
f 645/654/16 637/654/16 997/654/16 996/654/16
f 778/649/214 713/648/214 982/648/214 983/649/214
f 646/647/16 638/648/16 981/648/16 980/647/16
f 690/639/214 753/645/214 1008/645/214 1009/639/214
f 681/646/214 762/645/214 975/645/214 978/646/214
f 726/654/214 667/650/214 986/650/214 987/654/214
f 647/629/16 627/629/16 1017/629/16 1016/629/16
f 628/646/16 648/645/16 1007/645/16 1006/646/16
f 758/654/214 693/654/214 990/654/214 991/654/214
f 649/654/16 629/654/16 993/654/16 992/654/16
f 624/629/16 639/629/16 1012/629/16 965/629/16
f 650/645/16 630/646/16 977/646/16 976/645/16
f 640/628/16 624/629/16 965/629/16 964/628/16
f 655/679/214 766/629/214 1023/629/214 1026/679/214
f 651/629/16 623/679/16 1025/679/16 1024/629/16
f 626/650/16 641/654/16 988/654/16 985/650/16
f 737/647/214 706/648/214 1001/648/214 1004/647/214
f 625/630/16 652/631/16 969/631/16 968/630/16
f 623/679/16 642/638/16 972/638/16 1025/679/16
f 709/654/214 742/654/214 995/654/214 998/654/214
f 653/654/16 625/630/16 968/630/16 1000/654/16
f 627/629/16 643/629/16 1020/629/16 1017/629/16
f 654/649/16 626/650/16 985/650/16 984/649/16
f 644/647/16 628/646/16 1006/646/16 1003/647/16
f 750/629/214 685/629/214 1014/629/214 1015/629/214
f 685/629/214 718/629/214 1011/629/214 1014/629/214
f 629/654/16 645/654/16 996/654/16 993/654/16
f 718/629/214 659/629/214 966/629/214 1011/629/214
f 630/646/16 646/647/16 980/647/16 977/646/16
f 713/648/214 746/647/214 979/647/214 982/648/214
f 730/638/214 655/679/214 1026/679/214 971/638/214
f 631/629/16 647/629/16 1016/629/16 1013/629/16
f 762/645/214 697/639/214 974/639/214 975/645/214
f 648/645/16 632/639/16 1010/639/16 1007/645/16
f 675/646/214 737/647/214 1004/647/214 1005/646/214
f 633/654/16 649/654/16 992/654/16 989/654/16
f 706/648/214 769/631/214 970/631/214 1001/648/214
f 634/639/16 650/645/16 976/645/16 973/639/16
f 769/631/214 663/630/214 967/630/214 970/631/214
f 742/654/214 678/654/214 994/654/214 995/654/214
f 671/629/214 750/629/214 1015/629/214 1018/629/214
f 635/629/16 651/629/16 1024/629/16 1021/629/16
f 663/630/214 774/654/214 999/654/214 967/630/214
f 721/628/214 690/639/214 1009/639/214 963/628/214
f 774/654/214 709/654/214 998/654/214 999/654/214
f 652/631/16 636/648/16 1002/648/16 969/631/16
f 693/654/214 726/654/214 987/654/214 990/654/214
f 637/654/16 653/654/16 1000/654/16 997/654/16
f 638/648/16 654/649/16 984/649/16 981/648/16
f 639/629/16 631/629/16 1013/629/16 1012/629/16
f 667/650/214 778/649/214 983/649/214 986/650/214
f 632/639/16 640/628/16 964/628/16 1010/639/16
f 734/629/214 671/629/214 1018/629/214 1019/629/214
f 697/639/214 730/638/214 971/638/214 974/639/214
f 641/654/16 633/654/16 989/654/16 988/654/16
f 753/645/214 675/646/214 1005/646/214 1008/645/214
f 766/629/214 701/629/214 1022/629/214 1023/629/214
f 642/638/16 634/639/16 973/639/16 972/638/16
l 141 64
o Cube.003
v -0.089907 1.080741 0.070612
v -0.070612 1.061445 0.070612
v -0.070612 1.080741 0.089907
v -0.086995 1.071359 0.070612
v -0.086995 1.080741 0.079994
v -0.084275 1.071861 0.079492
v -0.070612 1.064358 0.079994
v -0.079994 1.064358 0.070612
v -0.079492 1.067078 0.079492
v -0.079994 1.080741 0.086995
v -0.070612 1.071359 0.086995
v -0.079492 1.071861 0.084275
v -0.089907 1.080741 -0.070612
v -0.070612 1.080741 -0.089907
v -0.070612 1.061445 -0.070612
v -0.086995 1.080741 -0.079994
v -0.086995 1.071359 -0.070612
v -0.084275 1.071861 -0.079492
v -0.070612 1.071359 -0.086995
v -0.079994 1.080741 -0.086995
v -0.079492 1.071861 -0.084275
v -0.079994 1.064358 -0.070612
v -0.070612 1.064358 -0.079994
v -0.079492 1.067078 -0.079492
v 0.070612 1.080741 -0.089907
v 0.089907 1.080741 -0.070612
v 0.070612 1.061445 -0.070612
v 0.079994 1.080741 -0.086995
v 0.070612 1.071359 -0.086995
v 0.079492 1.071861 -0.084275
v 0.086995 1.071359 -0.070612
v 0.086995 1.080741 -0.079994
v 0.084275 1.071861 -0.079492
v 0.070612 1.064358 -0.079994
v 0.079994 1.064358 -0.070612
v 0.079492 1.067078 -0.079492
v 0.089907 1.080741 0.070612
v 0.070612 1.080741 0.089907
v 0.070612 1.061445 0.070612
v 0.086995 1.080741 0.079994
v 0.086995 1.071359 0.070612
v 0.084275 1.071861 0.079492
v 0.070612 1.071359 0.086995
v 0.079994 1.080741 0.086995
v 0.079492 1.071861 0.084275
v 0.079994 1.064358 0.070612
v 0.070612 1.064358 0.079994
v 0.079492 1.067078 0.079492
v -0.089907 1.199388 0.070612
v -0.070612 1.199388 0.089907
v -0.070612 1.218683 0.070612
v -0.086995 1.199388 0.079994
v -0.086995 1.208770 0.070612
v -0.084275 1.208268 0.079492
v -0.070612 1.208770 0.086995
v -0.079994 1.199388 0.086995
v -0.079492 1.208268 0.084275
v -0.079994 1.215771 0.070612
v -0.070612 1.215771 0.079994
v -0.079492 1.213051 0.079492
v -0.089907 1.199388 -0.070612
v -0.070612 1.218683 -0.070612
v -0.070612 1.199388 -0.089907
v -0.086995 1.208770 -0.070612
v -0.086995 1.199388 -0.079994
v -0.084275 1.208268 -0.079492
v -0.070612 1.215771 -0.079994
v -0.079994 1.215771 -0.070612
v -0.079492 1.213051 -0.079492
v -0.079994 1.199388 -0.086995
v -0.070612 1.208770 -0.086995
v -0.079492 1.208268 -0.084275
v 0.070612 1.199388 -0.089907
v 0.070612 1.218683 -0.070612
v 0.089907 1.199388 -0.070612
v 0.070612 1.208770 -0.086995
v 0.079994 1.199388 -0.086995
v 0.079492 1.208268 -0.084275
v 0.079994 1.215771 -0.070612
v 0.070612 1.215771 -0.079994
v 0.079492 1.213051 -0.079492
v 0.086995 1.199388 -0.079994
v 0.086995 1.208770 -0.070612
v 0.084275 1.208268 -0.079492
v 0.089907 1.199388 0.070612
v 0.070612 1.218683 0.070612
v 0.070612 1.199388 0.089907
v 0.086995 1.208770 0.070612
v 0.086995 1.199388 0.079994
v 0.084275 1.208268 0.079492
v 0.070612 1.215771 0.079994
v 0.079994 1.215771 0.070612
v 0.079492 1.213051 0.079492
v 0.079994 1.199388 0.086995
v 0.070612 1.208770 0.086995
v 0.079492 1.208268 0.084275
vn -0.9779 -0.1477 0.1477
vn -0.1477 -0.9779 0.1477
vn -0.1477 -0.1477 0.9779
vn -0.8509 -0.5071 0.1374
vn -0.8509 -0.1374 0.5071
vn -0.7594 -0.4601 0.4601
vn -0.1374 -0.8509 0.5071
vn -0.5071 -0.8509 0.1374
vn -0.4601 -0.7594 0.4601
vn -0.5071 -0.1374 0.8509
vn -0.1374 -0.5071 0.8509
vn -0.4601 -0.4601 0.7594
vn -0.9779 -0.1477 -0.1477
vn -0.1477 -0.1477 -0.9779
vn -0.1477 -0.9779 -0.1477
vn -0.8509 -0.1374 -0.5071
vn -0.8509 -0.5071 -0.1374
vn -0.7594 -0.4601 -0.4601
vn -0.1374 -0.5071 -0.8509
vn -0.5071 -0.1374 -0.8509
vn -0.4601 -0.4601 -0.7594
vn -0.5071 -0.8509 -0.1374
vn -0.1374 -0.8509 -0.5071
vn -0.4601 -0.7594 -0.4601
vn 0.1477 -0.1477 -0.9779
vn 0.9779 -0.1477 -0.1477
vn 0.1477 -0.9779 -0.1477
vn 0.5071 -0.1374 -0.8509
vn 0.1374 -0.5071 -0.8509
vn 0.4601 -0.4601 -0.7594
vn 0.8509 -0.5071 -0.1374
vn 0.8509 -0.1374 -0.5071
vn 0.7594 -0.4601 -0.4601
vn 0.1374 -0.8509 -0.5071
vn 0.5071 -0.8509 -0.1374
vn 0.4601 -0.7594 -0.4601
vn 0.9779 -0.1477 0.1477
vn 0.1477 -0.1477 0.9779
vn 0.1477 -0.9779 0.1477
vn 0.8509 -0.1374 0.5071
vn 0.8509 -0.5071 0.1374
vn 0.7594 -0.4601 0.4601
vn 0.1374 -0.5071 0.8509
vn 0.5071 -0.1374 0.8509
vn 0.4601 -0.4601 0.7594
vn 0.5071 -0.8509 0.1374
vn 0.1374 -0.8509 0.5071
vn 0.4601 -0.7594 0.4601
vn -0.9779 0.1477 0.1477
vn -0.1477 0.1477 0.9779
vn -0.1477 0.9779 0.1477
vn -0.8509 0.1374 0.5071
vn -0.8509 0.5071 0.1374
vn -0.7594 0.4601 0.4601
vn -0.1374 0.5071 0.8509
vn -0.5071 0.1374 0.8509
vn -0.4601 0.4601 0.7594
vn -0.5071 0.8509 0.1374
vn -0.1374 0.8509 0.5071
vn -0.4601 0.7594 0.4601
vn -0.9779 0.1477 -0.1477
vn -0.1477 0.9779 -0.1477
vn -0.1477 0.1477 -0.9779
vn -0.8509 0.5071 -0.1374
vn -0.8509 0.1374 -0.5071
vn -0.7594 0.4601 -0.4601
vn -0.1374 0.8509 -0.5071
vn -0.5071 0.8509 -0.1374
vn -0.4601 0.7594 -0.4601
vn -0.5071 0.1374 -0.8509
vn -0.1374 0.5071 -0.8509
vn -0.4601 0.4601 -0.7594
vn 0.1477 0.1477 -0.9779
vn 0.1477 0.9779 -0.1477
vn 0.9779 0.1477 -0.1477
vn 0.1374 0.5071 -0.8509
vn 0.5071 0.1374 -0.8509
vn 0.4601 0.4601 -0.7594
vn 0.5071 0.8509 -0.1374
vn 0.1374 0.8509 -0.5071
vn 0.4601 0.7594 -0.4601
vn 0.8509 0.1374 -0.5071
vn 0.8509 0.5071 -0.1374
vn 0.7594 0.4601 -0.4601
vn 0.9779 0.1477 0.1477
vn 0.1477 0.9779 0.1477
vn 0.1477 0.1477 0.9779
vn 0.8509 0.5071 0.1374
vn 0.8509 0.1374 0.5071
vn 0.7594 0.4601 0.4601
vn 0.1374 0.8509 0.5071
vn 0.5071 0.8509 0.1374
vn 0.4601 0.7594 0.4601
vn 0.5071 0.1374 0.8509
vn 0.1374 0.5071 0.8509
vn 0.4601 0.4601 0.7594
vt 0.714619 0.579951
vt 0.785381 0.579951
vt 0.785381 0.579951
vt 0.785381 0.670049
vt 0.714619 0.670049
vt 0.714619 0.670049
vt 0.704951 0.660381
vt 0.704951 0.589619
vt 0.704951 0.589619
vt 0.714619 0.589619
vt 0.785381 0.589619
vt 0.785381 0.660381
vt 0.714619 0.660381
vt 0.714619 0.589619
vt 0.714619 0.660381
vt 0.785381 0.660381
vt 0.785381 0.589619
vt 0.795049 0.660381
vt 0.795049 0.660381
vt 0.795049 0.664830
vt 0.795049 0.665082
vt 0.790082 0.660381
vt 0.789830 0.664830
vt 0.785381 0.665082
vt 0.785381 0.670049
vt 0.789830 0.670049
vt 0.790082 0.670049
vt 0.795049 0.589619
vt 0.795049 0.584918
vt 0.795049 0.585170
vt 0.795049 0.589619
vt 0.790082 0.579951
vt 0.789830 0.579951
vt 0.785381 0.579951
vt 0.785381 0.584918
vt 0.789830 0.585170
vt 0.790082 0.589619
vt 0.709918 0.579951
vt 0.710170 0.579951
vt 0.714619 0.579951
vt 0.704951 0.584918
vt 0.704951 0.585170
vt 0.704951 0.589619
vt 0.709918 0.589619
vt 0.710170 0.585170
vt 0.714619 0.584918
vt 0.704951 0.665082
vt 0.704951 0.664830
vt 0.709918 0.670049
vt 0.710170 0.670049
vt 0.714619 0.665082
vt 0.710170 0.664830
vt 0.709918 0.660381
vt 0.795049 0.660381
vt 0.795049 0.665082
vt 0.795049 0.664830
vt 0.789830 0.670049
vt 0.785381 0.665082
vt 0.790082 0.660381
vt 0.795049 0.585169
vt 0.795049 0.584918
vt 0.790082 0.589619
vt 0.785381 0.584918
vt 0.785381 0.579951
vt 0.789830 0.579951
vt 0.714619 0.579951
vt 0.710170 0.579951
vt 0.709918 0.579951
vt 0.704951 0.585169
vt 0.704951 0.584918
vt 0.704951 0.664830
vt 0.704951 0.665082
vt 0.714619 0.665082
vt 0.714619 0.670049
vt 0.710170 0.670049
vt 0.709918 0.670049
s 1
f 1051/955/883 1040/956/872 1089/957/921 1099/955/931
f 1029/958/861 1064/959/896 1113/960/945 1076/958/908
f 1063/961/895 1052/962/884 1101/963/933 1111/961/943
f 1100/964/932 1088/965/920 1077/966/909 1112/967/944
f 1053/968/885 1065/969/897 1028/970/860 1041/971/873
f 1027/972/859 1030/973/862 1032/974/864 1031/975/863
f 1030/973/862 1034/976/866 1035/977/867 1032/974/864
f 1028/970/860 1033/978/865 1035/977/867 1034/976/866
f 1033/978/865 1037/979/869 1038/980/870 1035/977/867
f 1029/958/861 1036/981/868 1038/980/870 1037/979/869
f 1036/981/868 1031/975/863 1032/974/864 1038/980/870
f 1032/974/864 1035/977/867 1038/980/870
f 1039/982/871 1042/983/874 1044/984/876 1043/985/875
f 1042/983/874 1046/986/878 1047/987/879 1044/984/876
f 1040/956/872 1045/988/877 1047/987/879 1046/986/878
f 1045/988/877 1049/989/881 1050/990/882 1047/987/879
f 1041/971/873 1048/991/880 1050/990/882 1049/989/881
f 1048/991/880 1043/985/875 1044/984/876 1050/990/882
f 1044/984/876 1047/987/879 1050/990/882
f 1051/955/883 1054/992/886 1056/993/888 1055/994/887
f 1054/992/886 1058/995/890 1059/996/891 1056/993/888
f 1052/962/884 1057/997/889 1059/996/891 1058/995/890
f 1057/997/889 1061/998/893 1062/999/894 1059/996/891
f 1053/968/885 1060/1000/892 1062/999/894 1061/998/893
f 1060/1000/892 1055/994/887 1056/993/888 1062/999/894
f 1056/993/888 1059/996/891 1062/999/894
f 1063/961/895 1066/1001/898 1068/1002/900 1067/961/899
f 1066/1001/898 1070/1003/902 1071/1004/903 1068/1002/900
f 1064/959/896 1069/959/901 1071/1004/903 1070/1003/902
f 1069/959/901 1073/1005/905 1074/1006/906 1071/1004/903
f 1065/969/897 1072/1007/904 1074/1006/906 1073/1005/905
f 1072/1007/904 1067/961/899 1068/1002/900 1074/1006/906
f 1068/1002/900 1071/1004/903 1074/1006/906
f 1075/1008/907 1078/1009/910 1080/1010/912 1079/972/911
f 1078/1009/910 1082/981/914 1083/1011/915 1080/1010/912
f 1076/958/908 1081/979/913 1083/1011/915 1082/981/914
f 1081/979/913 1085/1012/917 1086/977/918 1083/1011/915
f 1077/966/909 1084/1013/916 1086/977/918 1085/1012/917
f 1084/1013/916 1079/972/911 1080/1010/912 1086/977/918
f 1080/1010/912 1083/1011/915 1086/977/918
f 1087/985/919 1090/985/922 1092/1014/924 1091/1015/923
f 1090/985/922 1094/1016/926 1095/990/927 1092/1014/924
f 1088/965/920 1093/1017/925 1095/990/927 1094/1016/926
f 1093/1017/925 1097/1018/929 1098/1019/930 1095/990/927
f 1089/957/921 1096/986/928 1098/1019/930 1097/1018/929
f 1096/986/928 1091/1015/923 1092/1014/924 1098/1019/930
f 1092/1014/924 1095/990/927 1098/1019/930
f 1099/955/931 1102/1020/934 1104/1021/936 1103/1022/935
f 1102/1020/934 1106/1000/938 1107/999/939 1104/1021/936
f 1100/964/932 1105/998/937 1107/999/939 1106/1000/938
f 1105/998/937 1109/962/941 1110/1023/942 1107/999/939
f 1101/963/933 1108/1024/940 1110/1023/942 1109/962/941
f 1108/1024/940 1103/1022/935 1104/1021/936 1110/1023/942
f 1104/1021/936 1107/999/939 1110/1023/942
f 1111/961/943 1114/961/946 1116/1025/948 1115/1026/947
f 1114/961/946 1118/1007/950 1119/1006/951 1116/1025/948
f 1112/967/944 1117/1027/949 1119/1006/951 1118/1007/950
f 1117/1027/949 1121/1028/953 1122/1029/954 1119/1006/951
f 1113/960/945 1120/1030/952 1122/1029/954 1121/1028/953
f 1120/1030/952 1115/1026/947 1116/1025/948 1122/1029/954
f 1116/1025/948 1119/1006/951 1122/1029/954
f 1027/972/859 1039/982/871 1043/985/875 1030/973/862
f 1030/973/862 1043/985/875 1048/991/880 1034/976/866
f 1034/976/866 1048/991/880 1041/971/873 1028/970/860
f 1040/956/872 1051/955/883 1055/994/887 1045/988/877
f 1045/988/877 1055/994/887 1060/1000/892 1049/989/881
f 1049/989/881 1060/1000/892 1053/968/885 1041/971/873
f 1052/962/884 1063/961/895 1067/961/899 1057/997/889
f 1057/997/889 1067/961/899 1072/1007/904 1061/998/893
f 1061/998/893 1072/1007/904 1065/969/897 1053/968/885
f 1064/959/896 1029/958/861 1037/979/869 1069/959/901
f 1069/959/901 1037/979/869 1033/978/865 1073/1005/905
f 1073/1005/905 1033/978/865 1028/970/860 1065/969/897
f 1077/966/909 1088/965/920 1094/1016/926 1084/1013/916
f 1084/1013/916 1094/1016/926 1090/985/922 1079/972/911
f 1079/972/911 1090/985/922 1087/985/919 1075/1008/907
f 1088/965/920 1100/964/932 1106/1000/938 1093/1017/925
f 1093/1017/925 1106/1000/938 1102/1020/934 1097/1018/929
f 1097/1018/929 1102/1020/934 1099/955/931 1089/957/921
f 1100/964/932 1112/967/944 1118/1007/950 1105/998/937
f 1105/998/937 1118/1007/950 1114/961/946 1109/962/941
f 1109/962/941 1114/961/946 1111/961/943 1101/963/933
f 1112/967/944 1077/966/909 1085/1012/917 1117/1027/949
f 1117/1027/949 1085/1012/917 1081/979/913 1121/1028/953
f 1121/1028/953 1081/979/913 1076/958/908 1113/960/945
f 1063/961/895 1111/961/943 1115/1026/947 1066/1001/898
f 1066/1001/898 1115/1026/947 1120/1030/952 1070/1003/902
f 1070/1003/902 1120/1030/952 1113/960/945 1064/959/896
f 1075/1008/907 1027/972/859 1031/975/863 1078/1009/910
f 1078/1009/910 1031/975/863 1036/981/868 1082/981/914
f 1082/981/914 1036/981/868 1029/958/861 1076/958/908
f 1039/982/871 1087/985/919 1091/1015/923 1042/983/874
f 1042/983/874 1091/1015/923 1096/986/928 1046/986/878
f 1046/986/878 1096/986/928 1089/957/921 1040/956/872
f 1101/963/933 1052/962/884 1058/995/890 1108/1024/940
f 1108/1024/940 1058/995/890 1054/992/886 1103/1022/935
f 1103/1022/935 1054/992/886 1051/955/883 1099/955/931
f 1039/982/871 1027/972/859 1075/1008/907 1087/985/919
